"Root","RelativePath","Extension","SizeBytes","SizeKB","LastWriteTime","Bom","LineCount","Package","FirstLine","SHA256"
"common","common/big.go",".go","1009","0.99","4/13/2026 2:33:29 PM","UTF-8 BOM","32","common","// Copyright 2026 The SILA Authors","720CCE9CF25C24003862C6C136956DC5AA2F1AA61638EFF16CF104F913E47A18"
"common","common/bitutil/bitutil.go",".go","2832","2.77","4/12/2026 5:09:10 PM","No BOM","148","bitutil","// Copyright (c) 2026 SilaChain","2702B3672F6A3860EDEB58ED265FE8EDDFF0FD3D03A0E96074D22A286D74E86A"
"common","common/bitutil/bitutil_test.go",".go","6042","5.9","4/13/2026 3:31:02 PM","UTF-8 BOM","233","bitutil","// Copyright 2013 The Go Authors. All rights reserved.","04F5CFEC53094FA30DBD464747679D53260F0D5C1C0BB7214F5081D532047116"
"common","common/bitutil/compress.go",".go","5563","5.43","4/13/2026 3:36:08 PM","UTF-8 BOM","170","bitutil","// Copyright 2026 The SILA Authors","F9A75828FB4D3355BD9F462857E897F60C79783AD342E13D0D4786106DF741F2"
"common","common/bitutil/compress_test.go",".go","8607","8.41","4/13/2026 3:38:55 PM","UTF-8 BOM","224","bitutil","// Copyright 2026 The SILA Authors","82FB371C767B26066B4E18E55E65C3C9F27B7E1E57035EB61D3F01FE1F872C94"
"common","common/bytes.go",".go","3558","3.47","4/13/2026 2:39:55 PM","UTF-8 BOM","151","common","// Copyright 2026 The SILA Authors","3C605A6DBB967FF50A154CE7B67A0F5773C4F01B6CF3F1D70F9757F99DB58440"
"common","common/bytes_test.go",".go","7255","7.08","4/13/2026 2:43:24 PM","UTF-8 BOM","347","common","// Copyright 2026 The SILA Authors","D93AB5720276733B19D3626B00A2228F8A706A27A3D4BE4AFED055F2DBBC0D77"
"common","common/calc.go",".go","1197","1.17","4/13/2026 2:57:00 PM","UTF-8 BOM","30","common","// Copyright 2026 The SILA Authors","88D27342A754401A6DFCFD7B49AD90C2B32350A9BBE94486774263E066854BD5"
"common","common/calc_test.go",".go","2165","2.11","4/13/2026 2:58:52 PM","UTF-8 BOM","81","common","// Copyright 2026 The SILA Authors","002F0C712FF82C8B178C1881C0FDAC472706EE97D64088A8E26CC6ED34340ACC"
"common","common/compiler/compiler.go",".go","4884","4.77","4/13/2026 3:43:49 PM","UTF-8 BOM","132","compiler","// Copyright 2026 The SILA Authors","6BCF1126504E9A5AC7605091294AD82850FE6D34CFBFCEF1EB6FB0084472B86A"
"common","common/compiler/helpers.go",".go","2054","2.01","4/13/2026 3:41:23 PM","UTF-8 BOM","45","compiler","// Copyright 2026 The SILA Authors","342355E1998FE6DA39997066EAA43D493783178FAC23C7B6CC457BBFE6476D31"
"common","common/debug.go",".go","1621","1.58","4/13/2026 2:46:54 PM","UTF-8 BOM","52","common","// Copyright 2026 The SILA Authors","7D696C1D81EAEBABD7851BEA7CC830151AD0A6C919535017CC5CC43F812B4896"
"common","common/fdlimit/fdlimit_bsd.go",".go","2179","2.13","4/13/2026 3:55:00 PM","UTF-8 BOM","68","fdlimit","// Copyright 2026 The SILA Authors","AC7468181CE94937FE92D21FD268C28BCC4281701FE05BEFFD3B66F8ACE1E908"
"common","common/fdlimit/fdlimit_darwin.go",".go","2380","2.32","4/13/2026 3:57:49 PM","UTF-8 BOM","71","fdlimit","// Copyright 2026 The SILA Authors","5FB1B895EE88D6682B516551303BE36179A0666E6270B6EF4C7EF0CB402693CB"
"common","common/fdlimit/fdlimit_test.go",".go","1536","1.5","4/13/2026 3:58:40 PM","UTF-8 BOM","44","fdlimit","// Copyright 2026 The SILA Authors","C0DF2B35E15F2D61027FB9957D0D8D3F9FD90FD84C4D298BE798490245278648"
"common","common/fdlimit/fdlimit_unix.go",".go","2196","2.14","4/13/2026 3:59:48 PM","UTF-8 BOM","66","fdlimit","// Copyright 2026 The SILA Authors","130C929DC1BC4850E86B8BB0162A79B75CB43C976B0D3DAE1868EC37E96554E2"
"common","common/fdlimit/fdlimit_windows.go",".go","1936","1.89","4/13/2026 4:00:44 PM","UTF-8 BOM","50","fdlimit","// Copyright 2026 The SILA Authors","07BE0B6E227FD5BFA212B2E122742259A4C6EE10806F8E49832D51BFC0AA67A7"
"common","common/format.go",".go","2465","2.41","4/13/2026 3:01:59 PM","UTF-8 BOM","82","common","// Copyright 2026 The SILA Authors","1629759F7F680B01CBBBE44C577F31290A92046878F884869C6BB4DAE016DB8C"
"common","common/hexutil/hexutil.go",".go","5778","5.64","4/13/2026 4:03:47 PM","UTF-8 BOM","240","hexutil","// Copyright 2026 The SILA Authors","D8D896B5BE3A78DE40D3971E17DEDD0948A3981309D39CDC9DC6348F39070F7A"
"common","common/hexutil/hexutil_test.go",".go","6580","6.43","4/13/2026 4:09:12 PM","UTF-8 BOM","241","hexutil","// Copyright 2026 The SILA Authors","5CCF056D4356C63947A12C3F5F411975A584FBE29003AC322760AD2A1A731587"
"common","common/hexutil/json.go",".go","11095","10.83","4/13/2026 2:15:59 PM","UTF-8 BOM","421","hexutil","// Copyright 2026 The SILA Authors","D163938433189DB882516B37F6164D0CDE361B09606FF57F02D77D8C0490BDDA"
"common","common/hexutil/json_example_test.go",".go","1391","1.36","4/13/2026 2:23:11 PM","UTF-8 BOM","45","hexutil_test","// Copyright 2026 The SILA Authors","6C94DA71675F644F8101B1F9DBDF6E89A553AB9C43CFC301422F0CAD37D323EA"
"common","common/hexutil/json_test.go",".go","11370","11.1","4/13/2026 2:32:00 PM","UTF-8 BOM","374","hexutil","// Copyright 2026 The SILA Authors","CE5D362EE5981C729EB28A89064E0FA2C3959F40BC3A2A7A8F3CF4C39FAF2382"
"common","common/lru/basiclru.go",".go","5551","5.42","4/13/2026 4:11:38 PM","UTF-8 BOM","228","lru","// Copyright 2026 The SILA Authors","31CF99EF29AAC908760077EAAA513282D22E1CD59618816688C84A0F614F7AC5"
"common","common/lru/basiclru_test.go",".go","4773","4.66","4/13/2026 4:13:10 PM","UTF-8 BOM","231","lru","// Copyright 2026 The SILA Authors","1EA2B57EE1FD2D475702613D0CFD990A744A2B54B724144BD286A30CBC2293E2"
"common","common/lru/blob_lru.go",".go","2772","2.71","4/13/2026 4:14:07 PM","UTF-8 BOM","84","lru","// Copyright 2026 The SILA Authors","18CE7C4FBB37CC8920696E003CC0C90C54EADC5AD076E5CD216721365CF3316A"
"common","common/lru/blob_lru_test.go",".go","4134","4.04","4/13/2026 4:16:36 PM","UTF-8 BOM","155","lru","// Copyright 2026 The SILA Authors","8F1EE54BA72A7336962FA873A5ABAD0F51B4161EDE781FDE1FAE76D5FAEC0B26"
"common","common/lru/lru.go",".go","2481","2.42","4/13/2026 4:17:59 PM","UTF-8 BOM","95","lru","// Copyright 2026 The SILA Authors","FDE166C72618B8683C695754D1D1929F0547ACB06F8C0A94E7EA9666251C6D31"
"common","common/math/big.go",".go","4854","4.74","4/13/2026 4:20:10 PM","UTF-8 BOM","179","math","// Copyright 2026 The SILA Authors","933FD3E64AEB6B1462EFA9B14A87B9FBC49F49CC8D108250A035247CB11F7402"
"common","common/math/big_test.go",".go","4773","4.66","4/13/2026 4:28:39 PM","UTF-8 BOM","159","math","// Copyright 2026 The SILA Authors","1F4230C6A15D0F43D16B10E22F3F7B11EC25E0C0FEF953C0D84340F96E6082EF"
"common","common/math/integer.go",".go","2701","2.64","4/13/2026 4:30:31 PM","UTF-8 BOM","93","math","// Copyright 2026 The SILA Authors","162BC600DDA1ED6D08FB0ADFC4C275006F9D032854A66432AE563C640A11362F"
"common","common/math/integer_test.go",".go","2765","2.7","4/13/2026 4:32:22 PM","UTF-8 BOM","117","math","// Copyright 2026 The SILA Authors","54446944F8CDA6B46E5A18809BD33F4110DD29524F913DF44FCEF80244839EB7"
"common","common/mclock/alarm.go",".go","2844","2.78","4/13/2026 4:33:36 PM","UTF-8 BOM","106","mclock","// Copyright 2026 The SILA Authors","F60A10741B8AE82B11B991C7337101CACD24AB1A7CD0E26925D9593A8D5FD35C"
"common","common/mclock/alarm_test.go",".go","2799","2.73","4/13/2026 4:34:41 PM","UTF-8 BOM","116","mclock","// Copyright 2026 The SILA Authors","049A4EFAA3B940816D9284750820BF1F6603873E801F55A9E00C529580F2F8AF"
"common","common/mclock/mclock.go",".go","3387","3.31","4/13/2026 4:37:03 PM","UTF-8 BOM","127","mclock","// Copyright 2026 The SILA Authors","A8D56093CFE53FB33F786156D3CFD1B29AD1CE68E5A5A1C055BB7927BB54B977"
"common","common/mclock/mclock.s",".s","822","0.8","4/13/2026 4:52:45 PM","UTF-8 BOM","17","","// Copyright 2026 The SILA Authors","36253C8B7AFAF14604C6B47A71F8D48BB44D84AD80A60A715389DFB970C43BF7"
"common","common/mclock/simclock.go",".go","4985","4.87","4/13/2026 5:00:00 PM","UTF-8 BOM","209","mclock","// Copyright 2026 The SILA Authors","F39CCB0BB65FDA33230D878A6FE7D718B7CF745745256FC0E6092EF1A74D594F"
"common","common/mclock/simclock_test.go",".go","3578","3.49","4/13/2026 5:01:18 PM","UTF-8 BOM","162","mclock","// Copyright 2026 The SILA Authors","B21CFFDE2124AA34E450990D267B011B68D646001A9B40B3DA48DA5E0E432237"
"common","common/path.go",".go","1439","1.41","4/13/2026 3:03:31 PM","UTF-8 BOM","49","common","// Copyright 2026 The SILA Authors","F2628D52A36DBEFBF44B79E52775EDD06B48BBA0170180BEB6ACF8F16CEAF962"
"common","common/prque/lazyqueue.go",".go","6400","6.25","4/13/2026 5:23:22 PM","UTF-8 BOM","195","prque","// Copyright 2026 The SILA Authors","B1FD4A86688136681561BDB6F4177B131C8ED73F7ABC054BFAC64B0969D199E3"
"common","common/prque/lazyqueue_test.go",".go","2645","2.58","4/13/2026 5:25:04 PM","UTF-8 BOM","123","prque","// Copyright 2026 The SILA Authors","C1442B3C4D356163B3250C5ECF74F2442FD5CFB7FBC16E363F60647072179FFA"
"common","common/prque/prque.go",".go","2386","2.33","4/13/2026 5:29:03 PM","UTF-8 BOM","76","prque","// CookieJar - A contestant's algorithm toolbox","68EB4A15BA58D992F0EFFD6302E37A7BE35D598E330E6A3A2FFC138E186DA01B"
"common","common/prque/prque_test.go",".go","3273","3.2","4/13/2026 5:44:02 PM","UTF-8 BOM","135","prque","// CookieJar - A contestant's algorithm toolbox","BC80E8F71A6BD03398DBEA454624E582A0D17EC09F3535B1260001684DDFDAF4"
"common","common/prque/sstack.go",".go","3309","3.23","4/13/2026 5:45:29 PM","UTF-8 BOM","113","prque","// CookieJar - A contestant'\''s algorithm toolbox","A5C81820F1A8680724DCAC75EDFAD0F8B6CC5C0F76188C38A5A21FB4609437A2"
"common","common/prque/sstack_test.go",".go","2727","2.66","4/13/2026 5:46:27 PM","UTF-8 BOM","102","prque","// CookieJar - A contestant'\''s algorithm toolbox","9EE2A3F923422DF04BFF8CD2FCB7A7DF44C551554C48057DDCF963BDFC71CAB0"
"common","common/range.go",".go","3224","3.15","4/13/2026 3:05:13 PM","UTF-8 BOM","115","common","// Copyright 2026 The SILA Authors","45F610B4F7A90D2B51CE323959F67245F7C8B774ECF5D232EFA65A353C53CF42"
"common","common/range_test.go",".go","4659","4.55","4/13/2026 3:07:22 PM","UTF-8 BOM","202","common","// Copyright 2026 The SILA Authors","823DFF303233C975A2B0D8599BF43A5B585BBFB3EF2AD5AE73628D99FECD6EAD"
"common","common/size.go",".go","1786","1.74","4/13/2026 3:08:48 PM","UTF-8 BOM","56","common","// Copyright 2026 The SILA Authors","C8139E6D680E3E91DC83437DB419D862F5733AC6C32D4F7E227326D6C55C77E9"
"common","common/size_test.go",".go","2073","2.02","4/13/2026 3:10:08 PM","UTF-8 BOM","85","common","// Copyright 2026 The SILA Authors","18E0D6764FA8A9D63279304DCE2846BF7CA2FD442659149F3AF955EBEF57C8EA"
"common","common/test_utils.go",".go","1522","1.49","4/13/2026 3:11:28 PM","UTF-8 BOM","53","common","// Copyright 2026 The SILA Authors","B62EEE7AF338C2F4911868AFC0A3DF3244A69A829E063AB4D5122EDB3C119F3D"
"common","common/types.go",".go","13580","13.26","4/13/2026 3:15:42 PM","UTF-8 BOM","494","common","// Copyright 2026 The SILA Authors","767DB0E136B1F52B6FBD3EC958802589616EFFF1027CD77C5739D1071B39F10C"
"common","common/types_test.go",".go","15872","15.5","4/13/2026 3:19:52 PM","UTF-8 BOM","624","common","// Copyright 2026 The SILA Authors","05F3FAD5B30BA9F34565C2229B9312D81047C1CDFD231BA27828092A60F6E0EB"
"core","core/.gitignore",".gitignore","716","0.7","4/16/2026 11:12:51 PM","UTF-8 BOM","48","","# See http://help.github.com/ignore-files/ for more about ignoring files.","AAF0C43BB1F9AB442E901491D2812D2319B6FBA8B0B9787CBE793304924F2B24"
"core","core/bench_test.go",".go","10037","9.8","4/16/2026 11:14:34 PM","UTF-8 BOM","358","core","// Copyright 2026 The SILA Authors","879DB0143AEF1962132BA9233891A4C7842160E8AA51A65AD1AD36D086B1BAE3"
"core","core/bintrie_witness_test.go",".go","14485","14.15","4/16/2026 11:16:52 PM","UTF-8 BOM","243","core","// Copyright 2026 The SILA Authors","A9E6184488D2931C801A3FBD406733631F80910AC9AD721E25A71CA027410EE5"
"core","core/block_validator.go",".go","7647","7.47","4/16/2026 11:18:29 PM","UTF-8 BOM","202","core","// Copyright 2026 The SILA Authors","46D7978D06221D9E9D0196AAF4D487AA05EF6953B28924FE7558B8D9D9B7D91E"
"core","core/block_validator_test.go",".go","9060","8.85","4/16/2026 11:20:12 PM","UTF-8 BOM","281","core","// Copyright 2026 The SILA Authors","AEC62DE74621205ED2D1DC4EA80C6477F9E0E10F55B378C0595E2F3630FA930F"
"core","core/blockchain.go",".go","112887","110.24","4/16/2026 11:32:19 PM","UTF-8 BOM","2976","core","// Copyright 2026 The SILA Authors","C6129F8E77A764FC8C5655BA9EDAC720DAD2D5D3CCE1BDD25674E9726F5DD2CB"
"core","core/blockchain_insert.go",".go","5601","5.47","4/16/2026 11:33:46 PM","UTF-8 BOM","159","core","// Copyright 2026 The SILA Authors","B10E34F4E5A7628475C3515C8FF46F9F6620C8761D21D581CF319C273E66ED97"
"core","core/blockchain_reader.go",".go","18649","18.21","4/16/2026 11:42:02 PM","UTF-8 BOM","549","core","// Copyright 2026 The SILA Authors","BDA852078E4A6C8AE794AD52EEF20808DD327E639F44A0DC94D43C7F77346FB9"
"core","core/blockchain_repair_test.go",".go","71463","69.79","4/17/2026 6:05:23 PM","UTF-8 BOM","2035","core","// Copyright 2026 The SILA Authors","AD2871829B33B14092A8942CA0306AA47CC15A4CB9D365A0C0D18212E7961C84"
"core","core/blockchain_sethead_test.go",".go","68973","67.36","4/17/2026 6:19:59 PM","UTF-8 BOM","2193","core","// Copyright 2026 The SILA Authors","5CEB44EE5DB3E64FCA5FA07E67105EE651C3862B30A5B61E85C02413840F1442"
"core","core/blockchain_snapshot_test.go",".go","22267","21.75","4/17/2026 6:23:55 PM","UTF-8 BOM","723","core","// Copyright 2026 The SILA Authors","4E95B2AFBE40496EA0CFEC3372C5458DA041B362912619A1DB29484C4D51E013"
"core","core/blockchain_stats.go",".go","10301","10.06","4/17/2026 6:25:37 PM","UTF-8 BOM","255","core","// Copyright 2026 The SILA Authors","3C1ACC7E1E4541EC0A5C59C1C60523C3EFD4B39F702463F5EE25C153BF7B9025"
"core","core/blockchain_test.go",".go","165262","161.39","4/17/2026 7:04:09 PM","UTF-8 BOM","4546","core","// Copyright 2026 The SILA Authors","14D98CA729B2BA27310C86A776E1BCE1056862DDBFEA778CC2405C8210A61DF0"
"core","core/bloombits/bloombits.go",".go","17","0.02","4/13/2026 7:45:22 PM","No BOM","1","bloombits","package bloombits","D9E4CAA47188833E5BD0A0AF3267C7574C2D29A7A06F7CA0AAB71FBB4F3945DD"
"core","core/bloombits/bloombits_test.go",".go","17","0.02","4/13/2026 7:45:22 PM","No BOM","1","bloombits","package bloombits","D9E4CAA47188833E5BD0A0AF3267C7574C2D29A7A06F7CA0AAB71FBB4F3945DD"
"core","core/chain_makers.go",".go","22045","21.53","4/17/2026 7:16:56 PM","UTF-8 BOM","639","core","// Copyright 2026 The SILA Authors","5EE4BACD285C50F520966333AD2509AB1BCD0BD098A3E3DE27B85AC92BC4C085"
"core","core/chain_makers_test.go",".go","8308","8.11","4/17/2026 7:24:02 PM","UTF-8 BOM","254","core","// Copyright 2026 The SILA Authors","5A9ABF505E7598CC1A97DF4F25B316AADE4049F78AD67B14F18A86C3B12E205B"
"core","core/dao_test.go",".go","7005","6.84","4/17/2026 7:34:28 PM","UTF-8 BOM","158","core","// Copyright 2026 The SILA Authors","DCFD8FE330A9E73043A38811617BAF4CC095CF40168FD704D8CB53228D805B64"
"core","core/error.go",".go","6475","6.32","4/17/2026 7:38:39 PM","UTF-8 BOM","145","core","// Copyright 2026 The SILA Authors","5F62A1A9D74807D3181EC9D5FAA3BA0F15D14689002FB7F27E240ACB82342500"
"core","core/eth_transfer_logs_test.go",".go","6379","6.23","4/17/2026 7:40:38 PM","UTF-8 BOM","169","core","// Copyright 2026 The SILA Authors","DFADABF32A2E631F5991A30194B8E08A48DDBCFD4F12A163F58F2B5A981E2750"
"core","core/events.go",".go","1468","1.43","4/17/2026 7:41:25 PM","UTF-8 BOM","47","core","// Copyright 2026 The SILA Authors","F9078A26B16A4C80601702B5960BB0AC4F82AB596B8FC1397DED1F93B3646EAF"
"core","core/evm.go",".go","4755","4.64","4/17/2026 7:42:43 PM","UTF-8 BOM","148","core","// Copyright 2026 The SILA Authors","5C89B1576DFADD50B2E0F39FC904D8B0570BBC68DF0806A4A8FDF0EE6494BE22"
"core","core/filtermaps/chain_view.go",".go","7061","6.9","4/14/2026 10:32:58 AM","UTF-8 BOM","202","filtermaps","// Copyright 2026 The SILA Authors","8FF7196727C69E998CC48D6AB0362ABEA05F54E6E1AF4FD31A0B9AD6EDF38D62"
"core","core/filtermaps/checkpoints.go",".go","1919","1.87","4/14/2026 10:36:55 AM","UTF-8 BOM","54","filtermaps","// Copyright 2026 The SILA Authors","89A88BB63ABE9C322C606862810CEC59E4E7C9D12E991AED87463FC5828CD4B9"
"core","core/filtermaps/checkpoints_holesky.json",".json","7","0.01","4/14/2026 10:50:20 AM","UTF-8 BOM","1","","[]","50056C08CE479CC2F54C4D6595A4264BDF32BF84F2995D59FF3BD513897AB414"
"core","core/filtermaps/checkpoints_hoodi.json",".json","7","0.01","4/14/2026 10:51:55 AM","UTF-8 BOM","1","","[]","50056C08CE479CC2F54C4D6595A4264BDF32BF84F2995D59FF3BD513897AB414"
"core","core/filtermaps/checkpoints_mainnet.json",".json","7","0.01","4/14/2026 10:53:18 AM","UTF-8 BOM","1","","[]","50056C08CE479CC2F54C4D6595A4264BDF32BF84F2995D59FF3BD513897AB414"
"core","core/filtermaps/checkpoints_sepolia.json",".json","7","0.01","4/14/2026 10:54:50 AM","UTF-8 BOM","1","","[]","50056C08CE479CC2F54C4D6595A4264BDF32BF84F2995D59FF3BD513897AB414"
"core","core/filtermaps/filtermaps.go",".go","23669","23.11","4/14/2026 10:59:51 AM","UTF-8 BOM","729","filtermaps","// Copyright 2026 The SILA Authors","917A581AA547BC46555BD1D8D1964EB2457698F1656A0233B3F9770A74F96C05"
"core","core/filtermaps/indexer.go",".go","11927","11.65","4/14/2026 11:10:59 AM","UTF-8 BOM","424","filtermaps","// Copyright 2026 The SILA Authors","83893765FCDFA6B2ABAD2B989A8D392D41E569F9A74275AAB8A853D93BCAF018"
"core","core/filtermaps/indexer_test.go",".go","15025","14.67","4/14/2026 11:18:07 AM","UTF-8 BOM","631","filtermaps","// Copyright 2026 The SILA Authors","128B3154DB6CED5514ADE0D5D74B4446DCD5C91CAEE34EFE6FE670865FB3E1B4"
"core","core/filtermaps/map_renderer.go",".go","22177","21.66","4/14/2026 11:23:08 AM","UTF-8 BOM","720","filtermaps","// Copyright 2026 The SILA Authors","0E3043C7BEA886D4B0D82B5435D32822190A71784FB8039D966A95DDCF4FDC5B"
"core","core/filtermaps/matcher.go",".go","20214","19.74","4/14/2026 11:27:13 AM","UTF-8 BOM","784","filtermaps","// Copyright 2026 The SILA Authors","EC4E630599003759DE2655DB19676275348C39579EB6349B1B7E82D531E289C9"
"core","core/filtermaps/matcher_backend.go",".go","4562","4.46","4/14/2026 11:29:26 AM","UTF-8 BOM","152","filtermaps","// Copyright 2026 The SILA Authors","7658E08B3208ECA61333D59B30CB752CB4B1650AB57825A77980C153DD89525C"
"core","core/filtermaps/matcher_test.go",".go","2247","2.19","4/14/2026 11:33:40 AM","UTF-8 BOM","87","filtermaps","// Copyright 2026 The SILA Authors","4A0BE1980F7792396EC6F3014B2947C2B9B2D0F9C1E2FAA574211096D773648F"
"core","core/filtermaps/math.go",".go","6896","6.73","4/14/2026 11:35:32 AM","UTF-8 BOM","217","filtermaps","// Copyright 2026 The SILA Authors","F23458C4350F02D5BB167B2F748E778F22CEDE8C1023E6C1FD2F250EF3776EAA"
"core","core/filtermaps/math_test.go",".go","3720","3.63","4/14/2026 11:36:46 AM","UTF-8 BOM","124","filtermaps","// Copyright 2026 The SILA Authors","5254E36B058D9DE35F47B9B5455CC9D4928D7323960F4E28E638DCB25DFE6790"
"core","core/forkchoice/forkchoice.go",".go","18","0.02","4/13/2026 7:45:22 PM","No BOM","1","forkchoice","package forkchoice","E726C59A29BCD5DD684E0EC0FC03F2E47A7F4A95D4ABC5818C362B0FEAD609D7"
"core","core/forkchoice/forkchoice_test.go",".go","18","0.02","4/13/2026 7:45:22 PM","No BOM","1","forkchoice","package forkchoice","E726C59A29BCD5DD684E0EC0FC03F2E47A7F4A95D4ABC5818C362B0FEAD609D7"
"core","core/forkid/forkid.go",".go","9999","9.76","4/14/2026 11:40:20 AM","UTF-8 BOM","285","forkid","// Copyright 2026 The SILA Authors","64E79FD435801C716506325391F041E077DED27DF6C8C2A23D1D30327988C3BC"
"core","core/forkid/forkid_test.go",".go","12456","12.16","4/14/2026 11:43:37 AM","UTF-8 BOM","245","forkid","// Copyright 2026 The SILA Authors","D64E5CC7F69FFB95574AD53153EAF5DCCC9BE807D90E1F5A2DB686F21B1A2484"
"core","core/gaspool.go",".go","3165","3.09","4/17/2026 7:44:40 PM","UTF-8 BOM","107","core","// Copyright 2026 The SILA Authors","812DE7A6A8A980C655114E11AE34364E150C1A9FB70FA4482F5A4145CFD064AA"
"core","core/gen_genesis.go",".go","6066","5.92","4/17/2026 8:12:14 PM","UTF-8 BOM","159","core","// Copyright 2026 The SILA Authors","29B962DF4A345BF1760F3502985327258D17072874DA178FDB9F213DE7746540"
"core","core/genesis.go",".go","25933","25.33","4/17/2026 8:07:25 PM","UTF-8 BOM","758","core","// Copyright 2026 The SILA Authors","85A9B6B0E16DC6CEAED417E66500AEB8CED373A3920B450DCCA86FF8F325692D"
"core","core/genesis_test.go",".go","11514","11.24","4/16/2026 10:43:55 PM","UTF-8 BOM","345","core","// Copyright 2026 The SILA Authors","53671841CA9D6BBDD263A3B398781DE8E8A7B4845426B09FC5BE51CE668BCF4E"
"core","core/headerchain.go",".go","23516","22.96","4/16/2026 10:47:02 PM","UTF-8 BOM","665","core","// Copyright 2026 The SILA Authors","470175E7672ADA3F9C0F9EF243A7535A99177FB9E52F17300A1EB697172338BA"
"core","core/headerchain_test.go",".go","3961","3.87","4/16/2026 10:48:08 PM","UTF-8 BOM","118","core","// Copyright 2026 The SILA Authors","B7434484BB30EDB97313A73D5A4657B2F0A23A870A304DBBED03358BED6FAA8B"
"core","core/history/historymode.go",".go","4103","4.01","4/14/2026 11:45:22 AM","UTF-8 BOM","139","history","// Copyright 2026 The SILA Authors","4102F7358FED03E148A76DFAD154C1B35B1AB44F3535061B30068340CFE52B12"
"core","core/history/historymode_test.go",".go","1860","1.82","4/14/2026 11:46:59 AM","UTF-8 BOM","58","history","// Copyright 2026 The SILA Authors","1A5323B50ED0A63A95353434B63B0589EECA3488F39CC31EA149E2C9404014FE"
"core","core/mkalloc.go",".go","2731","2.67","4/16/2026 10:49:06 PM","UTF-8 BOM","109","main","// Copyright 2026 The SILA Authors","9D9A754F2291090E3815BA22B31404815F40EA1A249AF92B7D98FB9ADCF0388E"
"core","core/overlay/state_transition.go",".go","3463","3.38","4/14/2026 11:55:44 AM","UTF-8 BOM","106","overlay","// Copyright 2026 The SILA Authors","B652428BCD68252EAD59FB66EC66A92FFF8F1994C7E79C6385A0516382060A10"
"core","core/rawdb/accessors/accessors.go",".go","17","0.02","4/13/2026 7:45:22 PM","No BOM","1","accessors","package accessors","65C3121CC1427DF3C27E0E931497474F3BF54CE2E2832F1EEAA3F0AD3D222242"
"core","core/rawdb/accessors/accessors_test.go",".go","17","0.02","4/13/2026 7:45:22 PM","No BOM","1","accessors","package accessors","65C3121CC1427DF3C27E0E931497474F3BF54CE2E2832F1EEAA3F0AD3D222242"
"core","core/rawdb/accessors_chain.go",".go","25768","25.16","4/14/2026 12:13:41 PM","UTF-8 BOM","837","rawdb","// Copyright 2026 The SILA Authors","CE3E7652E0A6884433D037F44C3998318752CE2E4EF4A9032100DB1D0D82A27F"
"core","core/rawdb/accessors_chain_test.go",".go","28176","27.52","4/14/2026 12:20:37 PM","UTF-8 BOM","906","rawdb","// Copyright 2026 The SILA Authors","026BB4F423326297FDEE190C76C6991F0F242E6EB3B9CE19077317A39B6A5964"
"core","core/rawdb/accessors_history.go",".go","9449","9.23","4/14/2026 12:23:09 PM","UTF-8 BOM","246","rawdb","// Copyright 2026 The SILA Authors","95A77F85229DB44FC8A0AE81DAD474453BF71525AFA105B95E745D56226D17A1"
"core","core/rawdb/accessors_indexes.go",".go","18027","17.6","4/14/2026 12:27:10 PM","UTF-8 BOM","578","rawdb","// Copyright 2026 The SILA Authors","D9839FDD1F4C950EEB1A0A0EF42DC68F4DBBBB5F50CD8832FF9C49749FC4601C"
"core","core/rawdb/accessors_indexes_test.go",".go","8329","8.13","4/14/2026 12:29:48 PM","UTF-8 BOM","296","rawdb","// Copyright 2026 The SILA Authors","33E820EB766D9B5647EBF008DD4403288EB0C1C4DCD14D3402852E1625870094"
"core","core/rawdb/accessors_metadata.go",".go","5592","5.46","4/14/2026 12:32:03 PM","UTF-8 BOM","165","rawdb","// Copyright 2026 The SILA Authors","2E71FE7C61F615A0791A4AAE0D4B306DEF7FE601DC50292723C2DEE6FB129EE7"
"core","core/rawdb/accessors_overlay.go",".go","1329","1.3","4/14/2026 12:37:33 PM","UTF-8 BOM","32","rawdb","// Copyright 2026 The SILA Authors","3E9FC0D83CCEC3D10F8BF3565C0CFB3920A6C6C5E6E8BFC893ED66B1869D95C3"
"core","core/rawdb/accessors_snapshot.go",".go","7364","7.19","4/14/2026 12:52:08 PM","UTF-8 BOM","200","rawdb","// Copyright 2026 The SILA Authors","B96752F1493D208B784C7238987F2B2403FDB1D907449E25A0BA978E89465E92"
"core","core/rawdb/accessors_state.go",".go","11515","11.25","4/14/2026 12:55:24 PM","UTF-8 BOM","317","rawdb","// Copyright 2026 The SILA Authors","7A29C81FCD57FA28029C509F78398D50123C27E80CC941140B8E094E49E23B2C"
"core","core/rawdb/accessors_sync.go",".go","3364","3.29","4/14/2026 12:57:14 PM","UTF-8 BOM","99","rawdb","// Copyright 2026 The SILA Authors","86A0A0EC2DB36C914B30D2479132AD674553EAFF6AA6D4F317FA10B48134AD39"
"core","core/rawdb/accessors_trie.go",".go","7302","7.13","4/14/2026 12:59:41 PM","UTF-8 BOM","235","rawdb","// Copyright 2026 The SILA Authors","B4F4E02093E585FF7BEEC57CD8D0B91E5C2A809923922B754AFD6D2049779232"
"core","core/rawdb/ancient_scheme.go",".go","4640","4.53","4/14/2026 1:06:03 PM","UTF-8 BOM","118","rawdb","// Copyright 2026 The SILA Authors","D5789E09D6EC6A97DB5175BA67E884791F10F15425151774EB54B872C84387B0"
"core","core/rawdb/ancient_utils.go",".go","4080","3.98","4/14/2026 1:14:02 PM","UTF-8 BOM","167","rawdb","// Copyright 2026 The SILA Authors","AD50231D0C4794FF150A8C240BC96331069E6616DB207A76A5F15A67C9F48D33"
"core","core/rawdb/ancients/ancients.go",".go","16","0.02","4/13/2026 7:45:22 PM","No BOM","1","ancients","package ancients","42C6AFB5170E9DF6351BCDA5F6D9F0B7F082731BC846D46ACC031FD34971C592"
"core","core/rawdb/ancients/ancients_test.go",".go","16","0.02","4/13/2026 7:45:22 PM","No BOM","1","ancients","package ancients","42C6AFB5170E9DF6351BCDA5F6D9F0B7F082731BC846D46ACC031FD34971C592"
"core","core/rawdb/ancienttest/testsuite.go",".go","8127","7.94","4/14/2026 11:59:05 AM","UTF-8 BOM","340","ancienttest","// Copyright 2026 The SILA Authors","BFFA1E03F4D123519966CA4EF8D38EA641534859FD3DB13175C551D463F19177"
"core","core/rawdb/chain_freezer.go",".go","10284","10.04","4/14/2026 1:18:16 PM","UTF-8 BOM","379","rawdb","// Copyright 2026 The SILA Authors","596EE3F42D46CD9809E30F4E9CB393B6222C5B3C203934A2CF882E4153231F2F"
"core","core/rawdb/chain_iterator.go",".go","9630","9.4","4/14/2026 1:38:06 PM","UTF-8 BOM","343","rawdb","// Copyright 2026 The SILA Authors","448B6A3C163F05FBEB86DFD57438A5D6E17EA6CED762B9B4415EAE49493847ED"
"core","core/rawdb/chain_iterator_test.go",".go","7131","6.96","4/14/2026 1:45:07 PM","UTF-8 BOM","268","rawdb","// Copyright 2026 The SILA Authors","3478597B83EF7ABF8B41DA14AE6CBBF1BAC1E4ACC3DBB267F93623C621A8E265"
"core","core/rawdb/database.go",".go","21369","20.87","4/14/2026 1:57:00 PM","UTF-8 BOM","673","rawdb","// Copyright 2026 The SILA Authors","FD0FD823445B3D9CDEBDD825810645A5645AF3083000E11EDAC6604D59DAD7D5"
"core","core/rawdb/eradb/eradb.go",".go","7605","7.43","4/14/2026 12:03:21 PM","UTF-8 BOM","317","eradb","// Copyright 2026 The SILA Authors","AC039B60C3E83918513B08B4A5961DDA81FA0A7ABE645E0C35F14A2C92282890"
"core","core/rawdb/eradb/eradb_test.go",".go","2320","2.27","4/14/2026 12:06:47 PM","UTF-8 BOM","103","eradb","// Copyright 2026 The SILA Authors","90599120579F4123B3C320E3BACC8300C3EFD4B1C11281161A4B8DB75B730110"
"core","core/rawdb/freezer.go",".go","9183","8.97","4/14/2026 2:13:53 PM","UTF-8 BOM","368","rawdb","// Copyright 2026 The SILA Authors","5BD2E35C559DDDF94CABC91FDE8C40BE9B65A4BA02FB6616198508CFD44FC068"
"core","core/rawdb/freezer_batch.go",".go","6324","6.18","4/14/2026 3:35:10 PM","UTF-8 BOM","241","rawdb","// Copyright 2026 The SILA Authors","C2891049C5CE859313CE2A2B2703DDB9340363B1592183E6B14FC43B04767479"
"core","core/rawdb/freezer_memory.go",".go","10098","9.86","4/14/2026 3:41:58 PM","UTF-8 BOM","433","rawdb","// Copyright 2026 The SILA Authors","BEDD41D385FB871EEDF55948686FB969EC6B425BE1A3A77608BACB34ACD8E10B"
"core","core/rawdb/freezer_memory_test.go",".go","1472","1.44","4/14/2026 3:44:37 PM","UTF-8 BOM","47","rawdb","// Copyright 2026 The SILA Authors","4804A002F4015F1BA503BD460D5B8680D9EC1B3404A8C55DDE5B668DA4B39C62"
"core","core/rawdb/freezer_meta.go",".go","3600","3.52","4/14/2026 3:49:43 PM","UTF-8 BOM","159","rawdb","// Copyright 2026 The SILA Authors","CEC7BE2C920CD5C51DD0FFAF1E800F2E5BC51589433E9F79EBC34B7D16223BEF"
"core","core/rawdb/freezer_meta_test.go",".go","2961","2.89","4/14/2026 3:51:25 PM","UTF-8 BOM","126","rawdb","// Copyright 2026 The SILA Authors","8512966A02D142A8B21B0BE902A3FBCF3E814C0D91345EBB77F426604B0B1E2E"
"core","core/rawdb/freezer_resettable.go",".go","5635","5.5","4/14/2026 3:54:39 PM","UTF-8 BOM","219","rawdb","// Copyright 2026 The SILA Authors","D3709399BA5F730D6DA3C0DB755C2271E41C7733A1D2CA9D1BC5EDBC88AC23E9"
"core","core/rawdb/freezer_resettable_test.go",".go","2675","2.61","4/14/2026 3:55:23 PM","UTF-8 BOM","107","rawdb","// Copyright 2026 The SILA Authors","BBC70B7B9AB05D70EA9C6207F440B0DD998C34F07FED603EB468566272FAAC2A"
"core","core/rawdb/freezer_table.go",".go","27112","26.48","4/14/2026 4:02:09 PM","UTF-8 BOM","1102","rawdb","// Copyright 2026 The SILA Authors","01544F21B0AA914FB6C5DF0F5B3C7A4FE5BC72D1C43914DB53765EE2E08FE102"
"core","core/rawdb/freezer_table_test.go",".go","12461","12.17","4/14/2026 4:12:11 PM","UTF-8 BOM","559","rawdb","// Copyright 2026 The SILA Authors","3247C5FA26036A76CCB26F4EF0E1F7A7D2FEA60B7F456F6E6B4009641EF1EB57"
"core","core/rawdb/freezer_test.go",".go","9446","9.22","4/14/2026 4:43:00 PM","UTF-8 BOM","385","rawdb","// Copyright 2026 The SILA Authors","D1474ED79FB0C9DACC7C6241888093B5F7991FCA067D2650E29DA2B8171694F0"
"core","core/rawdb/freezer_utils.go",".go","3659","3.57","4/14/2026 7:26:10 PM","UTF-8 BOM","160","rawdb","// Copyright 2026 The SILA Authors","7FA14A9B99C5D40FAA813AB4064BBB9D0BBAB9BF6A37559CCB6FB967319C0BFB"
"core","core/rawdb/freezer_utils_test.go",".go","1834","1.79","4/14/2026 7:28:48 PM","UTF-8 BOM","75","rawdb","// Copyright 2026 The SILA Authors","730BA21CFAABA440DA8CC7BE4A502842BA9782D31AD254706FFE73CA69BA1C8A"
"core","core/rawdb/freezer_utils_unix.go",".go","1377","1.34","4/14/2026 7:43:27 PM","UTF-8 BOM","49","rawdb","// Copyright 2026 The SILA Authors","FA09AB679C58BC31DC5918C646814428527C90D1679C854997B2EDEC31A6CB93"
"core","core/rawdb/freezer_utils_windows.go",".go","976","0.95","4/14/2026 7:42:31 PM","UTF-8 BOM","26","rawdb","// Copyright 2026 The SILA Authors","182312A9656A414CF660040F99F3663724E9163698FC97C2F9FDEE4F134AF369"
"core","core/rawdb/key_length_iterator.go",".go","1647","1.61","4/14/2026 7:41:32 PM","UTF-8 BOM","47","rawdb","// Copyright 2026 The SILA Authors","F2F5E6382C4EE4BB8375C0B5A88F7525EFAB6D50B6530B16DE46E38FA6F6A6DF"
"core","core/rawdb/key_length_iterator_test.go",".go","1791","1.75","4/14/2026 7:40:28 PM","UTF-8 BOM","60","rawdb","// Copyright 2026 The SILA Authors","50E8CE4C068964D6A7859F0090FCA306C244603615A19503783691CF2E4E7167"
"core","core/rawdb/rawdb.go",".go","13","0.01","4/13/2026 7:45:22 PM","No BOM","1","rawdb","package rawdb","E6F75DB9A46ABA7F023A83E7D536A3ABDFCDB9134E91D71097851B9CD5CCAD32"
"core","core/rawdb/rawdb_test.go",".go","13","0.01","4/13/2026 7:45:22 PM","No BOM","1","rawdb","package rawdb","E6F75DB9A46ABA7F023A83E7D536A3ABDFCDB9134E91D71097851B9CD5CCAD32"
"core","core/rawdb/schema.go",".go","15542","15.18","4/14/2026 7:38:53 PM","UTF-8 BOM","442","rawdb","// Copyright 2026 The SILA Authors","E2E73AFB3CD97747E00A8DE3D89B0E91FFF942A006AE77C41BB18D2A95186819"
"core","core/rawdb/schema/schema.go",".go","14","0.01","4/13/2026 7:45:22 PM","No BOM","1","schema","package schema","40C19E4B46189BA6FA4C463C061DE3315E1CBBEF2DD1C27FBF45786A9BA53BCA"
"core","core/rawdb/schema/schema_test.go",".go","14","0.01","4/13/2026 7:45:22 PM","No BOM","1","schema","package schema","40C19E4B46189BA6FA4C463C061DE3315E1CBBEF2DD1C27FBF45786A9BA53BCA"
"core","core/rawdb/table.go",".go","7688","7.51","4/14/2026 7:36:03 PM","UTF-8 BOM","283","rawdb","// Copyright 2026 The SILA Authors","A756845AEC9381131D5D83C7C96602B87552284935EDAF4A61F880E2AA98725E"
"core","core/rawdb/table_test.go",".go","3703","3.62","4/14/2026 7:34:07 PM","UTF-8 BOM","143","rawdb","// Copyright 2026 The SILA Authors","A9E0C45289874B81AEF286E4B8F2AFE332DC9C1D5D2625E002D81FC29824C4F3"
"core","core/rlp_test.go",".go","5401","5.27","4/16/2026 10:50:32 PM","UTF-8 BOM","200","core","// Copyright 2026 The SILA Authors","556FF20E42559D35D54DCC6006B4AA55DD124D48783403E6D2C0635034EB36CC"
"core","core/sender_cacher.go",".go","4078","3.98","4/16/2026 10:53:33 PM","UTF-8 BOM","120","core","// Copyright 2026 The SILA Authors","264671EC2AA2DE91BBB6F1C2E81D1039E799D2A6F556B04D1E81A451273C1107"
"core","core/state/access_events.go",".go","12061","11.78","4/15/2026 3:51:12 PM","UTF-8 BOM","339","state","// Copyright 2026 The SILA Authors","C0705B0188FC32EA945D37D9A883AB48BFA2D7FE9A8DC7E5DF9DA86F004FC722"
"core","core/state/access_events_test.go",".go","4912","4.8","4/15/2026 3:49:03 PM","UTF-8 BOM","142","state","// Copyright 2026 The SILA Authors","22CAC748F253BC6F934584E230D8009E6377CB143978F110C46BD7F1CCCF25E3"
"core","core/state/access_list.go",".go","5099","4.98","4/15/2026 3:47:46 PM","UTF-8 BOM","162","state","// Copyright 2026 The SILA Authors","B1BBA47A307FF8203A89389F97DDE9A642A664E0977CBA086DB733A888019F41"
"core","core/state/database.go",".go","12830","12.53","4/15/2026 3:46:29 PM","UTF-8 BOM","330","state","// Copyright 2026 The SILA Authors","25C52A813FB31FB97AADFDABFEDAE98B507053460200596C191F7EF429160925"
"core","core/state/database_code.go",".go","7159","6.99","4/15/2026 4:03:25 PM","UTF-8 BOM","231","state","// Copyright 2026 The SILA Authors","E3DC3B9C8EDBB839ECE06C3EFB4E2FA4585AFC9C5C8BD1DB22419A4A657A8B17"
"core","core/state/database_history.go",".go","9407","9.19","4/15/2026 4:05:30 PM","UTF-8 BOM","302","state","// Copyright 2026 The SILA Authors","B31A9027E0D2508882976C20F39E374451C604CAB46CA9D13AC509449A1A6C1F"
"core","core/state/database_iterator.go",".go","14487","14.15","4/15/2026 3:41:02 PM","UTF-8 BOM","435","state","// Copyright 2026 The SILA Authors","106587EC1E3291D633D82504C98CD889D9E5AA21ABAE0CA3C7C85CEA3065F4C4"
"core","core/state/database_iterator_test.go",".go","8288","8.09","4/15/2026 3:37:30 PM","UTF-8 BOM","262","state","// Copyright 2026 The SILA Authors","D6B6959CDF6CDE45D0E4C9DB6841174DC38C6D25F2E2EC3387291C4F6153E210"
"core","core/state/dump.go",".go","7602","7.42","4/15/2026 3:35:50 PM","UTF-8 BOM","262","state","// Copyright 2026 The SILA Authors","6DC0F5946725E1229A8AEFABF0FBD934876FB5C4A090A7BEBF1F2079F262117A"
"core","core/state/iterator.go",".go","5425","5.3","4/15/2026 3:34:16 PM","UTF-8 BOM","179","state","// Copyright 2026 The SILA Authors","7FCB9A94B2BE7ACD37D06BC6F49993D43D8D5D18BBF86391FC12398B29B6D298"
"core","core/state/iterator_test.go",".go","3009","2.94","4/15/2026 3:31:05 PM","UTF-8 BOM","108","state","// Copyright 2026 The SILA Authors","85F17E793B2075DFC1BE41184735C35B59CD5FE0B3462B3EE6A624C59EF32E04"
"core","core/state/journal.go",".go","12148","11.86","4/15/2026 3:29:46 PM","UTF-8 BOM","502","state","// Copyright 2026 The SILA Authors","4520E70BFB48166CB925C8AD11AB832DD7D4EC21D7116FA67E41725D6F944BF0"
"core","core/state/metrics.go",".go","1726","1.69","4/15/2026 3:26:58 PM","UTF-8 BOM","32","state","// Copyright 2026 The SILA Authors","6EF9D23C96CCCC9F93CC4FD629FA082C67C40D9A811BFB79E7E16FB99FA25ED1"
"core","core/state/pruner/bloom.go",".go","10674","10.42","4/14/2026 7:50:06 PM","UTF-8 BOM","384","pruner","// Copyright 2026 The SILA Authors","DC4C179F15A5A113D0B423A5E8B1E82AF690E0C7254DC779164E2C47FF112286"
"core","core/state/pruner/pruner.go",".go","10674","10.42","4/14/2026 7:54:39 PM","UTF-8 BOM","384","pruner","// Copyright 2026 The SILA Authors","DC4C179F15A5A113D0B423A5E8B1E82AF690E0C7254DC779164E2C47FF112286"
"core","core/state/reader.go",".go","17927","17.51","4/15/2026 3:25:41 PM","UTF-8 BOM","552","state","// Copyright 2026 The SILA Authors","EFD9B5CCB0919BBAAF192017FA736D24A122249C7245EF3033911C0DD36D60B6"
"core","core/state/reader_stater.go",".go","2935","2.87","4/15/2026 3:21:13 PM","UTF-8 BOM","82","state","// Copyright 2026 The SILA Authors","E42B54E9411C74549E20114A3257F82A4D0B70F7FE347372A941B13BE8125BEC"
"core","core/state/snapshot/context.go",".go","7913","7.73","4/14/2026 9:46:08 PM","UTF-8 BOM","241","snapshot","// Copyright 2026 The SILA Authors","56D34CF804D9284A9766D7BACC60EE1A63AA1FDA3ED4C0F9B19E9DFAA1BC9589"
"core","core/state/snapshot/conversion.go",".go","8869","8.66","4/14/2026 8:00:08 PM","UTF-8 BOM","336","snapshot","// Copyright 2026 The SILA Authors","9F0BC0725D7076BF5497260415EBFA05FBFD25A6C0C49C4DCF5D58E110E27BEA"
"core","core/state/snapshot/difflayer.go",".go","9859","9.63","4/14/2026 8:02:12 PM","UTF-8 BOM","355","snapshot","// Copyright 2026 The SILA Authors","5C29A6A15ED07F954F63F07AEAF9011417D994126AACFFA5BAF9BD2608076113"
"core","core/state/snapshot/difflayer_test.go",".go","9650","9.42","4/14/2026 8:04:37 PM","UTF-8 BOM","347","snapshot","// Copyright 2026 The SILA Authors","B14BC66EB327280004C6824E54BCFF3D5DB84CB353B17983FFF8561EA0F90770"
"core","core/state/snapshot/disklayer.go",".go","4689","4.58","4/14/2026 8:06:14 PM","UTF-8 BOM","178","snapshot","// Copyright 2026 The SILA Authors","A2C79A57FB8727206E483BAA39CA0E8710E8895BCF1A382AF0F091B65DA326C5"
"core","core/state/snapshot/disklayer_test.go",".go","19634","19.17","4/14/2026 8:09:50 PM","UTF-8 BOM","529","snapshot","// Copyright 2026 The SILA Authors","5AA82D61D65EF660627CFC4762ABB67CABE3E0FE16950B4F6A386104C9762B68"
"core","core/state/snapshot/generate.go",".go","16213","15.83","4/14/2026 8:15:37 PM","UTF-8 BOM","606","snapshot","// Copyright 2026 The SILA Authors","C76960C828B91338E53B364FB4AFC12AF563AFA7D8CD6B48139DCB8C14C07AD6"
"core","core/state/snapshot/generate_test.go",".go","34022","33.22","4/14/2026 8:48:07 PM","UTF-8 BOM","829","snapshot","// Copyright 2026 The SILA Authors","589CE23862B7C804BE8D9D30C9E2929A7222E29BC440EAFEF0AC8B9688C4004C"
"core","core/state/snapshot/holdable_iterator.go",".go","3034","2.96","4/14/2026 8:56:05 PM","UTF-8 BOM","97","snapshot","// Copyright 2026 The SILA Authors","446675DDE66891B57DD7A9B858EC18E8BA0F9D1635E000EF28F492C24153FA2F"
"core","core/state/snapshot/holdable_iterator_test.go",".go","4818","4.71","4/14/2026 8:59:21 PM","UTF-8 BOM","163","snapshot","// Copyright 2026 The SILA Authors","127D7B99D8A6166D9669C4A53E5617A1DED1BB5A97446332601F0FE20F05127B"
"core","core/state/snapshot/iterator.go",".go","8068","7.88","4/14/2026 9:02:52 PM","UTF-8 BOM","306","snapshot","// Copyright 2026 The SILA Authors","AA191853B3EF534930A5AED256473ECC942600DBB08AF28059F5CB939E665E97"
"core","core/state/snapshot/iterator_binary.go",".go","4709","4.6","4/14/2026 9:04:22 PM","UTF-8 BOM","185","snapshot","// Copyright 2026 The SILA Authors","D3F1DAD5CC7C3F6766AD2EBB959959D0F3F9A6347E13F9C47FC12C81B361187A"
"core","core/state/snapshot/iterator_fast.go",".go","6457","6.31","4/14/2026 9:07:49 PM","UTF-8 BOM","266","snapshot","// Copyright 2026 The SILA Authors","E27A6B572FD9C67D9853012EBDC67835C24D6A73C89BBAD6821E43D4282DC2A4"
"core","core/state/snapshot/iterator_test.go",".go","35078","34.26","4/14/2026 9:18:29 PM","UTF-8 BOM","1065","snapshot","// Copyright 2026 The SILA Authors","8D11AAADAD6B21D331E8A8F913B2E1ECC530597A2BC73306DFCE4206029C843A"
"core","core/state/snapshot/journal.go",".go","12927","12.62","4/14/2026 9:20:59 PM","UTF-8 BOM","368","snapshot","// Copyright 2026 The SILA Authors","278655C679A06946C2B4DB2B425B510ADC544B4FA6091B23F0394C9F068B5B46"
"core","core/state/snapshot/metrics.go",".go","3784","3.7","4/14/2026 9:23:16 PM","UTF-8 BOM","53","snapshot","// Copyright 2026 The SILA Authors","6E14412D887A941194DB9D84D2B40281441F434B6E19473CDE369D7F20665638"
"core","core/state/snapshot/snapshot.go",".go","24197","23.63","4/14/2026 9:27:31 PM","UTF-8 BOM","755","snapshot","// Copyright 2026 The SILA Authors","CA2D965106170BD56B6EDB4E83462D0C0861F64DA6998F6FDF7BC54FB4356071"
"core","core/state/snapshot/snapshot_test.go",".go","17329","16.92","4/14/2026 9:37:15 PM","UTF-8 BOM","487","snapshot","// Copyright 2026 The SILA Authors","44B9F7195335406CA98D8B5B7868961E20C380451CF7DF81C214505415BCF3F9"
"core","core/state/snapshot/utils.go",".go","5028","4.91","4/14/2026 9:44:15 PM","UTF-8 BOM","148","snapshot","// Copyright 2026 The SILA Authors","6AA26EE5F7A89C259D96503DCBABA1ED65D2B49BE546095544F2862B8A51B869"
"core","core/state/state_object.go",".go","21510","21.01","4/15/2026 4:27:31 PM","UTF-8 BOM","642","state","// Copyright 2026 The SILA Authors","7D838276BCE2932728FB0C1BF608DE3159CC9BAB5A67B2D53947D35F0EA15CA9"
"core","core/state/state_object_test.go",".go","2731","2.67","4/15/2026 3:19:32 PM","UTF-8 BOM","100","state","// Copyright 2026 The SILA Authors","507E87AB164E18C1ABB3509E3EB1366988067655D4E494455191DB025659731B"
"core","core/state/state_sizer.go",".go","16652","16.26","4/15/2026 3:11:40 PM","UTF-8 BOM","630","state","// Copyright 2026 The SILA Authors","971A61D2A8CCB9135D764EF75A3563BFD9DA73C1AEC887F8620343A09D954CED"
"core","core/state/state_sizer_test.go",".go","8883","8.67","4/15/2026 3:06:11 PM","UTF-8 BOM","232","state","// Copyright 2026 The SILA Authors","E0BFED0A58ABBEB5B97287605E94B31E6F0607A6C0D9663D5278DEFFDFCFA580"
"core","core/state/state_test.go",".go","8909","8.7","4/15/2026 4:30:13 PM","UTF-8 BOM","213","state","// Copyright 2026 The SILA Authors","3CCE346BF66081DA6F1D1BD6A9EDD02E1EE0BEB56C093A27D6C2772256A77C1B"
"core","core/state/statedb.go",".go","49677","48.51","4/15/2026 4:18:14 PM","UTF-8 BOM","1469","state","// Copyright 2026 The SILA Authors","D8B858EF1B4D980945211491341A780F37908358C5DD6F8F46E866E12557873B"
"core","core/state/statedb_fuzz_test.go",".go","12923","12.62","4/15/2026 4:07:41 PM","UTF-8 BOM","449","state","// Copyright 2026 The SILA Authors","011DA8EC567E14D8F258E276F098CA796DAF16A5059E3AF49CD4F10F1E357A64"
"core","core/state/statedb_hooked.go",".go","9008","8.8","4/15/2026 4:11:43 PM","UTF-8 BOM","287","state","// Copyright 2026 The SILA Authors","E340AE252DB87A02B8683368C2F98443211EB765536FD93C522EA84E34DA651C"
"core","core/state/statedb_hooked_test.go",".go","8299","8.1","4/15/2026 4:09:49 PM","UTF-8 BOM","179","state","// Copyright 2026 The SILA Authors","5E3D4319A87045FE75968816EEDAE00ACD4F802029CDC0FD4BF3BD064A3EE834"
"core","core/state/statedb_test.go",".go","40155","39.21","4/14/2026 10:25:32 PM","UTF-8 BOM","1260","state","// Copyright 2026 The SILA Authors","B2B2A3F641C46E765708119C0AFF63BB30140CB2685A6B762173179AEC3E1D5B"
"core","core/state/stateupdate.go",".go","12386","12.1","4/14/2026 10:11:47 PM","UTF-8 BOM","369","state","// Copyright 2026 The SILA Authors","B19B65C436FF797E0E74DA716080BCBB2126FB5692523A0C7687C6D9131FE388"
"core","core/state/sync.go",".go","2133","2.08","4/14/2026 10:08:22 PM","UTF-8 BOM","55","state","// Copyright 2026 The SILA Authors","8F816A9BF933EB621A0F0581225A41BA635EF8010029CF2466CF8C6D6883BB5D"
"core","core/state/sync_test.go",".go","24251","23.68","4/14/2026 10:05:02 PM","UTF-8 BOM","774","state","// Copyright 2026 The SILA Authors","6C0C2691017E20AF1974DEE47D18A1FEF92396587515006FEB876C806BDD950C"
"core","core/state/transient_storage.go",".go","2477","2.42","4/14/2026 9:56:38 PM","UTF-8 BOM","83","state","// Copyright 2026 The SILA Authors","1F2F00969E690CA6E6EE2A799FA3D7BBC919D7AEE2BC7F7118D31AA351C60BA6"
"core","core/state/trie_prefetcher.go",".go","15614","15.25","4/14/2026 9:53:25 PM","UTF-8 BOM","472","state","// Copyright 2026 The SILA Authors","186D2DEF8425CEAF595D45C5172A8E898D56538C2943FC5B61BF717031EF0620"
"core","core/state/trie_prefetcher_test.go",".go","3939","3.85","4/14/2026 9:54:52 PM","UTF-8 BOM","106","state","// Copyright 2026 The SILA Authors","A9BF4B2AC69524EBB0305FA645BE975F2FD83AD0D52326B52225602B0C8D889A"
"core","core/state_prefetcher.go",".go","4286","4.19","4/16/2026 10:55:16 PM","UTF-8 BOM","129","core","// Copyright 2026 The SILA Authors","720F5EFEFFBF2FF5F39BE8B6DC8D94FA7AF8EC588E0B949AF6FA66B6257CCB38"
"core","core/state_processor.go",".go","13872","13.55","4/16/2026 11:00:22 PM","UTF-8 BOM","382","core","// Copyright 2026 The SILA Authors","21AB8C04CDB4A9BC954F10587C268786E4820E68E07C5F10220CFE955F4EE646"
"core","core/state_processor_test.go",".go","18223","17.8","4/16/2026 11:03:16 PM","UTF-8 BOM","441","core","// Copyright 2026 The SILA Authors","B9CB70AB3E2BE183C10372323FF2E63FE537D20AABC839B4CB70C3190AC4BAC1"
"core","core/state_transition.go",".go","24821","24.24","4/16/2026 11:06:20 PM","UTF-8 BOM","703","core","// Copyright 2026 The SILA Authors","2CA86D3545179F58E819B4DCD2B6676A04E054418416906FB8CB1BB67F24965D"
"core","core/stateless.go",".go","3940","3.85","4/16/2026 11:07:30 PM","UTF-8 BOM","88","core","// Copyright 2026 The SILA Authors","94907624493B3C649DCA18375C4DD1CEA095147876D56646BF068619D7BFED51"
"core","core/stateless/database.go",".go","2283","2.23","4/15/2026 5:04:07 PM","UTF-8 BOM","67","stateless","// Copyright 2026 The SILA Authors","7F2CFFECF2AF716F3D8950BFDFC1B7931407E425423654C591250595AB726C94"
"core","core/stateless/encoding.go",".go","2490","2.43","4/15/2026 5:02:56 PM","UTF-8 BOM","82","stateless","// Copyright 2026 The SILA Authors","2C17A1BD7B820924238612010311697DA4914BDFB36E2F6CDD41AFBB4DE83915"
"core","core/stateless/stateless.go",".go","17","0.02","4/13/2026 7:45:22 PM","No BOM","1","stateless","package stateless","FEE58DF412D94E55305C58231C9A407C2A31E4CCE10E71E7528587D114FBCE38"
"core","core/stateless/stateless_test.go",".go","17","0.02","4/13/2026 7:45:22 PM","No BOM","1","stateless","package stateless","FEE58DF412D94E55305C58231C9A407C2A31E4CCE10E71E7528587D114FBCE38"
"core","core/stateless/stats.go",".go","3616","3.53","4/15/2026 5:01:48 PM","UTF-8 BOM","116","stateless","// Copyright 2026 The SILA Authors","0305197DDE0CFE906635910689C4375DF858B82E00E3BE934C3BC4363AC475CD"
"core","core/stateless/witness.go",".go","4842","4.73","4/15/2026 5:00:22 PM","UTF-8 BOM","150","stateless","// Copyright 2026 The SILA Authors","B08D434381173E9603EC399BC5A8D77F9432557747C94F84ABAA4579179C1491"
"core","core/tracing/CHANGELOG.md",".md","12730","12.43","4/15/2026 5:24:08 PM","UTF-8 BOM","189","","# Changelog","805D627ECBC5E2C26CC8D4AACA148C78FDE2383FF66EBA47FC6E2D262F928892"
"core","core/tracing/gen_code_change_reason_stringer.go",".go","1044","1.02","4/15/2026 5:20:14 PM","UTF-8 BOM","30","tracing","// Code generated by ""stringer -type=CodeChangeReason -trimprefix=CodeChange -output gen_code_change_reason_stringer.go""; DO NOT EDIT.","D27D90F5ACAE44C4B373420F666F391424AFDAFE69B90D0E4BB0FBE9C051DC01"
"core","core/tracing/gen_gas_change_reason_stringer.go",".go","1977","1.93","4/15/2026 5:19:34 PM","UTF-8 BOM","52","tracing","// Code generated by ""stringer -type=GasChangeReason -trimprefix=GasChange -output gen_gas_change_reason_stringer.go""; DO NOT EDIT.","02AAF2F1A6B174F72671CC04EEA0B5C8E1E2E3BE850A44C372639EAC052888DB"
"core","core/tracing/gen_nonce_change_reason_stringer.go",".go","1085","1.06","4/15/2026 5:17:36 PM","UTF-8 BOM","31","tracing","// Code generated by ""stringer -type=NonceChangeReason -trimprefix NonceChange -output gen_nonce_change_reason_stringer.go""; DO NOT EDIT.","5B2EB6B4C121D2D79D8C4A147C9753EBE3CE34586785511785F3581F91742C6D"
"core","core/tracing/hooks.go",".go","20850","20.36","4/15/2026 5:15:51 PM","UTF-8 BOM","464","tracing","// Copyright 2026 The SILA Authors","38C2EEE54EBA9B7D6C2C21F77043F6D84E2AF342BF368FED5E7C87D1DAE6C35F"
"core","core/tracing/hooks/hooks.go",".go","13","0.01","4/13/2026 7:45:22 PM","No BOM","1","hooks","package hooks","1A4487B582B735F7BDC17E825B9999F942C9796F97DF1A756369D2188F1F7C5B"
"core","core/tracing/hooks/hooks_test.go",".go","13","0.01","4/13/2026 7:45:22 PM","No BOM","1","hooks","package hooks","1A4487B582B735F7BDC17E825B9999F942C9796F97DF1A756369D2188F1F7C5B"
"core","core/tracing/journal.go",".go","8464","8.27","4/15/2026 5:12:06 PM","UTF-8 BOM","266","tracing","// Copyright 2026 The SILA Authors","4AA7584429AADE6128D252FDBA64FDCC07F5605ED2D17B930A7AA20ECBFB1F77"
"core","core/tracing/journal_test.go",".go","12040","11.76","4/15/2026 5:10:17 PM","UTF-8 BOM","395","tracing","// Copyright 2026 The SILA Authors","ACA30CB1AC2E5815F86456C4CF18D2A4DF016BA0E7D33C842BEA9E16534C0500"
"core","core/tracing/logger/logger.go",".go","14","0.01","4/13/2026 7:45:22 PM","No BOM","1","logger","package logger","D4C7D408D804EC37A5556C38BFA9BBB79264DF1BD5D5B7C683718E18CEC79DCE"
"core","core/tracing/logger/logger_test.go",".go","14","0.01","4/13/2026 7:45:22 PM","No BOM","1","logger","package logger","D4C7D408D804EC37A5556C38BFA9BBB79264DF1BD5D5B7C683718E18CEC79DCE"
"core","core/tracing/tracing.go",".go","15","0.01","4/13/2026 7:45:22 PM","No BOM","1","tracing","package tracing","268FDDFEE5BECC45D726C3403A3DC8632EDC2DA483ECF9C7889F513172D0E476"
"core","core/tracing/tracing_test.go",".go","15","0.01","4/13/2026 7:45:22 PM","No BOM","1","tracing","package tracing","268FDDFEE5BECC45D726C3403A3DC8632EDC2DA483ECF9C7889F513172D0E476"
"core","core/tracing/types/types.go",".go","13","0.01","4/13/2026 7:45:22 PM","No BOM","1","types","package types","3A20030E8919062D1307480E0160C9B6B6DA06B3274B3CBB5A4EF8E1A43D226B"
"core","core/tracing/types/types_test.go",".go","13","0.01","4/13/2026 7:45:22 PM","No BOM","1","types","package types","3A20030E8919062D1307480E0160C9B6B6DA06B3274B3CBB5A4EF8E1A43D226B"
"core","core/txindexer.go",".go","11203","10.94","4/16/2026 11:09:02 PM","UTF-8 BOM","340","core","// Copyright 2026 The SILA Authors","AF0607B20737074EEBDCA504049A7F692B6715FC130C4FC47DAA653E4CB9095A"
"core","core/txindexer/txindexer.go",".go","17","0.02","4/13/2026 7:45:22 PM","No BOM","1","txindexer","package txindexer","907D52687E4722F74FD2B4CF228D60C87ED8C99FCD855CCF0BF36AA8BCF8FCA3"
"core","core/txindexer/txindexer_test.go",".go","17","0.02","4/13/2026 7:45:22 PM","No BOM","1","txindexer","package txindexer","907D52687E4722F74FD2B4CF228D60C87ED8C99FCD855CCF0BF36AA8BCF8FCA3"
"core","core/txindexer_test.go",".go","11422","11.15","4/16/2026 11:11:07 PM","UTF-8 BOM","455","core","// Copyright 2026 The SILA Authors","032FFFEDF019694BA8F7CC8F3C775515B62FD52ECD88E473ABFC477B002F6077"
"core","core/txpool/blobpool/blobpool.go",".go","20682","20.2","4/15/2026 6:11:06 PM","UTF-8 BOM","389","blobpool","// Copyright 2026 The SILA Authors","C187F103C4127CAC031973DE9863334D195654018E149D6CA5082E0790A3EA6D"
"core","core/txpool/blobpool/blobpool_test.go",".go","13619","13.3","4/15/2026 6:08:28 PM","UTF-8 BOM","414","blobpool","// Copyright 2026 The SILA Authors","7CCA0FCE57A6F94F7E3C7093E1F825A73E81F1EBB82F9312604F193DE40A6915"
"core","core/txpool/blobpool/config.go",".go","2084","2.04","4/15/2026 6:05:03 PM","UTF-8 BOM","50","blobpool","// Copyright 2026 The SILA Authors","1F91CE10C569CAA73A5F16215DDA1785D16C424724B3D31FFC15F3FCB09B7003"
"core","core/txpool/blobpool/evictheap.go",".go","5129","5.01","4/15/2026 6:04:11 PM","UTF-8 BOM","134","blobpool","// Copyright 2026 The SILA Authors","A20AD20243D8F51C0266A946C5088C9E1B2A48CCEFE40F5D2D7911E4EDD8BD05"
"core","core/txpool/blobpool/evictheap_test.go",".go","11503","11.23","4/15/2026 6:02:33 PM","UTF-8 BOM","336","blobpool","// Copyright 2026 The SILA Authors","423A2018B085C19AAF457609AFE31979FA4033C7C353AF9630C2E05ABE72F0F0"
"core","core/txpool/blobpool/interface.go",".go","1707","1.67","4/15/2026 5:38:45 PM","UTF-8 BOM","44","blobpool","// Copyright 2026 The SILA Authors","75FC4F2F9A39E1A87EB432A42D673FFE2B4043BA2637034552A552DA293C62D4"
"core","core/txpool/blobpool/limbo.go",".go","9070","8.86","4/15/2026 5:37:16 PM","UTF-8 BOM","264","blobpool","// Copyright 2026 The SILA Authors","13E0EEEE15782791B678409B9ABCC5560E19DF0DB970A6E49DEB323EDEA2DDB2"
"core","core/txpool/blobpool/lookup.go",".go","3626","3.54","4/15/2026 5:35:39 PM","UTF-8 BOM","112","blobpool","// Copyright 2026 The SILA Authors","262AB82547D1909C18E09CB62545EFF424FEF5E1D310D11B0CA7E347B5075D99"
"core","core/txpool/blobpool/metrics.go",".go","7254","7.08","4/15/2026 5:33:58 PM","UTF-8 BOM","105","blobpool","// Copyright 2026 The SILA Authors","4325ACEE18A9BFADB846C58C92F766E6E5AE0229DC59605B3247AD81CDFA35FE"
"core","core/txpool/blobpool/priority.go",".go","3256","3.18","4/15/2026 5:32:42 PM","UTF-8 BOM","81","blobpool","// Copyright 2026 The SILA Authors","951FEF6A804813C902699DD35165219A189F29140AC6CC1270BF4A4F43FE8F3D"
"core","core/txpool/blobpool/priority_test.go",".go","3316","3.24","4/15/2026 5:31:37 PM","UTF-8 BOM","87","blobpool","// Copyright 2026 The SILA Authors","2E03076BCAABD5F26BC9AA8249DFD985013E0ACC4BDF08B564EAD9AE0A01476C"
"core","core/txpool/blobpool/slotter.go",".go","4440","4.34","4/15/2026 5:30:41 PM","UTF-8 BOM","119","blobpool","// Copyright 2026 The SILA Authors","51D7E8B353D402A649B81FD470FF01246726A4CF5B3F604DC7A6F0C4DB408807"
"core","core/txpool/blobpool/slotter_test.go",".go","5263","5.14","4/15/2026 5:27:20 PM","UTF-8 BOM","103","blobpool","// Copyright 2026 The SILA Authors","2D1FAB97893CA44C0D8D534B5EC1338A9B547AB6F477448C5E625126B55482A7"
"core","core/txpool/errors.go",".go","3665","3.58","4/15/2026 7:05:29 PM","UTF-8 BOM","77","txpool","// Copyright 2026 The SILA Authors","B5EA24557CC72920621C9CDD736CD43B8475BEB081D54C2A5D7DB9977341901F"
"core","core/txpool/legacypool/legacypool.go",".go","19433","18.98","4/15/2026 6:37:10 PM","UTF-8 BOM","490","legacypool","// Copyright 2026 The SILA Authors","9E767DE167A0309C2F220CB7C6837500552EE0CF727EEEB08623B065B83045E1"
"core","core/txpool/legacypool/legacypool_test.go",".go","104715","102.26","4/15/2026 6:32:10 PM","UTF-8 BOM","2716","legacypool","// Copyright 2026 The SILA Authors","B4DF9756D9BC9CF1A56C5D1F0AA77CEA7BB799FBDFDDD3A0E8A562072D15B278"
"core","core/txpool/legacypool/legacypool2_test.go",".go","9563","9.34","4/15/2026 6:34:33 PM","UTF-8 BOM","246","legacypool","// Copyright 2026 The SILA Authors","B4FAB527C674FB8FE1619B6EB743182F0D97AD8B7972963D248642856DE608E5"
"core","core/txpool/legacypool/list.go",".go","22986","22.45","4/15/2026 6:19:17 PM","UTF-8 BOM","693","legacypool","// Copyright 2026 The SILA Authors","563CDC2CBF24A82E29A10EBA82320998663CAB5CAA07BB2041BFD7A2C8DA109B"
"core","core/txpool/legacypool/list_test.go",".go","4671","4.56","4/15/2026 6:16:05 PM","UTF-8 BOM","148","legacypool","// Copyright 2026 The SILA Authors","2EAEE21B061C3291744AFE2E34604FF418296EB222CE73EFF92115BF78C6D940"
"core","core/txpool/legacypool/noncer.go",".go","2752","2.69","4/15/2026 6:14:42 PM","UTF-8 BOM","91","legacypool","// Copyright 2026 The SILA Authors","03F95838259F676B178AC8EF4FF3EF098F7F59CA7593214069BD1776597EDE81"
"core","core/txpool/legacypool/queue.go",".go","8856","8.65","4/15/2026 6:13:17 PM","UTF-8 BOM","282","legacypool","// Copyright 2026 The SILA Authors","909024A60665AACB29E393ABB2748EF7F0FDF9C513E398FC00286CB3A250A5F4"
"core","core/txpool/locals/errors.go",".go","1581","1.54","4/15/2026 6:49:10 PM","UTF-8 BOM","46","locals","// Copyright 2026 The SILA Authors","68E9815BF8893967989363F9CC53F28B1A3900A9D7123B65CE5F95180FD738CA"
"core","core/txpool/locals/journal.go",".go","5769","5.63","4/15/2026 6:46:38 PM","UTF-8 BOM","204","locals","// Copyright 2026 The SILA Authors","496CF1630CE1E82FCBD72C20A100C98DE0A79F84D708966C72B43B979370D380"
"core","core/txpool/locals/tx_tracker.go",".go","6870","6.71","4/15/2026 6:45:11 PM","UTF-8 BOM","226","locals","// Copyright 2026 The SILA Authors","2D03BC48FC882BEDB0608225A09A3B7A3D4DB29AAA657C86FDD3109997483AEF"
"core","core/txpool/locals/tx_tracker_test.go",".go","6211","6.07","4/15/2026 6:43:15 PM","UTF-8 BOM","208","locals","// Copyright 2026 The SILA Authors","D6903E50EB002FD47CB9DED5704FEEB336DC5B4C58472CA921D855BB019CBF4F"
"core","core/txpool/pricing/pricing.go",".go","15","0.01","4/13/2026 7:45:22 PM","No BOM","1","pricing","package pricing","5BFD0185E6C58879F035C95035700B8D53AF8E072840C3262574E0D0E7A9D12F"
"core","core/txpool/pricing/pricing_test.go",".go","15","0.01","4/13/2026 7:45:22 PM","No BOM","1","pricing","package pricing","5BFD0185E6C58879F035C95035700B8D53AF8E072840C3262574E0D0E7A9D12F"
"core","core/txpool/reserver.go",".go","4833","4.72","4/15/2026 7:04:18 PM","UTF-8 BOM","138","txpool","// Copyright 2026 The SILA Authors","B18D1598764733965C4089287BFE031B1F2993052B70A677BA1EA1CE2781B2C2"
"core","core/txpool/subpool.go",".go","8190","8","4/15/2026 7:03:01 PM","UTF-8 BOM","186","txpool","// Copyright 2026 The SILA Authors","CF15CB8F5811A21F1462F6645BEE82C42D9A47147F68DCFC2AF509C9F7FB786D"
"core","core/txpool/txpool.go",".go","16198","15.82","4/15/2026 7:01:08 PM","UTF-8 BOM","505","txpool","// Copyright 2026 The SILA Authors","B65D7390D95B489E2C36B49C603F45E7DC6EEA6406DBFDB5ADC7124F77E39637"
"core","core/txpool/txpool_test.go",".go","14","0.01","4/13/2026 7:45:22 PM","No BOM","1","txpool","package txpool","B94CFFADA033DD9C653B9578D8725AAC54589E12BFB5A2D4F75CE65A805CEB2B"
"core","core/txpool/validation.go",".go","13456","13.14","4/15/2026 6:58:40 PM","UTF-8 BOM","304","txpool","// Copyright 2026 The SILA Authors","4ACDFB52526234FAAA22017DCE40831C5F9CECDBB8C8F4F48AB2DA178A5373E6"
"core","core/txpool/validation/validation.go",".go","18","0.02","4/13/2026 7:45:22 PM","No BOM","1","validation","package validation","6AAD8B353CC31CB363227015A968F1B3431E2240B6D033CE3A5A89FAB740241F"
"core","core/txpool/validation/validation_test.go",".go","18","0.02","4/13/2026 7:45:22 PM","No BOM","1","validation","package validation","6AAD8B353CC31CB363227015A968F1B3431E2240B6D033CE3A5A89FAB740241F"
"core","core/txpool/validation_test.go",".go","2873","2.81","4/15/2026 6:56:29 PM","UTF-8 BOM","115","txpool","// Copyright 2026 The SILA Authors","C457920A8CE3F58B3775372F3D3479CD7D0ADF8EABD9A20B4F9D15F212CB964B"
"core","core/types.go",".go","2678","2.62","4/16/2026 11:12:04 PM","UTF-8 BOM","67","core","// Copyright 2026 The SILA Authors","E1559B9CE128E4BACF607199577EF6BAE93F5F4726114736FDB130B295C7ADFF"
"core","core/types/account.go",".go","2731","2.67","4/15/2026 8:55:30 PM","UTF-8 BOM","83","types","// Copyright 2026 The SILA Authors","24650C9A13B360C20110B890125A17C4F7F101822F54656B3B24F124FBFAC5E1"
"core","core/types/bal/bal.go",".go","6558","6.4","4/15/2026 7:13:48 PM","UTF-8 BOM","173","bal","// Copyright 2026 The SILA Authors","175B9977671779FDED64C447D5DEFB91EFF78B69BB01B7866479CA0B2920CFEA"
"core","core/types/bal/bal_encoding.go",".go","12024","11.74","4/15/2026 7:12:13 PM","UTF-8 BOM","361","bal","// Copyright 2026 The SILA Authors","C0AD51982025C4BC5BA99F66C279C39AC5C56DDC4CA471850A40ED335CBF945F"
"core","core/types/bal/bal_encoding_rlp_generated.go",".go","5144","5.02","4/15/2026 7:09:57 PM","UTF-8 BOM","280","bal","// Code generated by rlpgen. DO NOT EDIT.","79353914AAEAD3DA67E1768AE654E03BAAC45FE6E1AAFC9961490FDF109F373C"
"core","core/types/bal/bal_test.go",".go","6545","6.39","4/15/2026 7:08:34 PM","UTF-8 BOM","254","bal","// Copyright 2026 The SILA Authors","4D7EB9EBF5CDF3014FD0B1B602507437CD763C8FB0F6045DAB063AC31D277534"
"core","core/types/block.go",".go","18572","18.14","4/15/2026 8:53:00 PM","UTF-8 BOM","575","types","// Copyright 2026 The SILA Authors","CEF25984DDFE55596A5E46D5BC51147BA9007B6EE71F97D1F3ACF57A98137F1B"
"core","core/types/block/block.go",".go","13","0.01","4/13/2026 7:45:22 PM","No BOM","1","block","package block","2FCCA599ABA93E8FBA2AFC3B734FBFF6FCFD6B71C4669E62DFD4FBDA856BC5B2"
"core","core/types/block/block_test.go",".go","13","0.01","4/13/2026 7:45:22 PM","No BOM","1","block","package block","2FCCA599ABA93E8FBA2AFC3B734FBFF6FCFD6B71C4669E62DFD4FBDA856BC5B2"
"core","core/types/block_test.go",".go","20718","20.23","4/15/2026 8:47:43 PM","UTF-8 BOM","375","types","// Copyright 2026 The SILA Authors","E76E5681C8843A2D1CC76408430441221B228F32396AD0435FB5FB18A9FED9F1"
"core","core/types/bloom9.go",".go","4888","4.77","4/15/2026 8:34:14 PM","UTF-8 BOM","163","types","// Copyright 2026 The SILA Authors","4AFF2BC194CA4927E0A59F14B72578076304FA53671D0ECC002DEDC56AF87A1C"
"core","core/types/bloom9_test.go",".go","4783","4.67","4/15/2026 8:32:30 PM","UTF-8 BOM","195","types","// Copyright 2026 The SILA Authors","47245770A4E5971D2A138C5DF96ABA57C448B82982EF6DBAB84D5012CA835259"
"core","core/types/deposit.go",".go","2298","2.24","4/15/2026 8:30:52 PM","UTF-8 BOM","64","types","// Copyright 2026 The SILA Authors","B0D926D827C9D574907BF02A62656F22911D02D4FE985B4D846327AB70BF3228"
"core","core/types/deposit_test.go",".go","3151","3.08","4/15/2026 8:29:42 PM","UTF-8 BOM","95","types","// Copyright 2026 The SILA Authors","9F409D941AA1EA3CF4C8AA2EACDA5B34A358E0DF369ED8D48AFA834BD9762874"
"core","core/types/gen_access_tuple.go",".go","1142","1.12","4/15/2026 7:27:25 PM","UTF-8 BOM","43","types","// Code generated by github.com/fjl/gencodec. DO NOT EDIT.","0E877A0499CBBF1B81B4164DD6EF0EEB73E9D0D8599E17ADED95D4B0587399DF"
"core","core/types/gen_account.go",".go","1831","1.79","4/15/2026 7:28:18 PM","UTF-8 BOM","67","types","// Code generated by github.com/fjl/gencodec. DO NOT EDIT.","4AA390857915A1EEC80A02D0CEE53C7D673EB563D9214F2663EBDCA0CAF5ED4E"
"core","core/types/gen_account_rlp.go",".go","422","0.41","4/15/2026 7:30:13 PM","UTF-8 BOM","21","types","// Code generated by rlpgen. DO NOT EDIT.","9F9368275D4C71341452AF7714B3CBBE26DEF37ED36ED64310FDDB028C4E6AD8"
"core","core/types/gen_authorization.go",".go","2391","2.33","4/15/2026 7:31:10 PM","UTF-8 BOM","75","types","// Code generated by github.com/fjl/gencodec. DO NOT EDIT.","B8044AF7B028F484768B94F738B49239746FBF12B48D367D866418ED60697118"
"core","core/types/gen_header_json.go",".go","7239","7.07","4/15/2026 7:33:06 PM","UTF-8 BOM","185","types","// Code generated by github.com/fjl/gencodec. DO NOT EDIT.","A596C3C913C422BFC1C53F82515DA7D4ECD7EBA3AA01F4C9C291460585A1C3EF"
"core","core/types/gen_header_rlp.go",".go","2394","2.34","4/15/2026 7:35:01 PM","UTF-8 BOM","109","types","// Code generated by rlpgen. DO NOT EDIT.","F1C8580C15013D43F543E7C317AEC3C4885A772CC243110821837A147EB59879"
"core","core/types/gen_log_json.go",".go","2993","2.92","4/15/2026 7:37:54 PM","UTF-8 BOM","96","types","// Code generated by github.com/fjl/gencodec. DO NOT EDIT.","D557DA46A8870B450856CEA6EF4B533A080D46AF8E793F66D7E2B8E753CF7C9E"
"core","core/types/gen_log_rlp.go",".go","394","0.38","4/15/2026 7:39:10 PM","UTF-8 BOM","20","types","// Code generated by rlpgen. DO NOT EDIT.","BBF5797AD1C9A42D31653450FA17D5B96B4D16263942FFBD5D397AA316B6EC4A"
"core","core/types/gen_receipt_json.go",".go","4517","4.41","4/15/2026 7:40:29 PM","UTF-8 BOM","128","types","// Code generated by github.com/fjl/gencodec. DO NOT EDIT.","888090C53DC51C2EE87DA97CEAF9728403DF01643C94535E230B0B413D6B241F"
"core","core/types/gen_withdrawal_json.go",".go","1321","1.29","4/15/2026 7:41:18 PM","UTF-8 BOM","55","types","// Code generated by github.com/fjl/gencodec. DO NOT EDIT.","E332EE6A5826DEADF1642E9A7B6F833D35BCBDBBAB63486C7C224679C80A0552"
"core","core/types/gen_withdrawal_rlp.go",".go","363","0.35","4/15/2026 7:42:48 PM","UTF-8 BOM","17","types","// Code generated by rlpgen. DO NOT EDIT.","BEA8BCDEF4AFF6855935891CB5E168D70EFEFD2B3CBE05EBDC0F66952B6C14FC"
"core","core/types/hashes.go",".go","2338","2.28","4/15/2026 7:43:33 PM","UTF-8 BOM","51","types","// Copyright 2026 The SILA Authors","BF9EDFE6A13DA35B881E05B45D86D237E5DA2F98B5B44B7AA7817F90023B0DCB"
"core","core/types/hashing.go",".go","4696","4.59","4/15/2026 7:45:52 PM","UTF-8 BOM","140","types","// Copyright 2026 The SILA Authors","2D57A15778D457E9F19D0659E920C5058084D4128FD01FB1E682C2D91A69CFF4"
"core","core/types/hashing_test.go",".go","7666","7.49","4/15/2026 7:50:55 PM","UTF-8 BOM","249","types_test","// Copyright 2026 The SILA Authors","D8A87344F022CB1A12EAAD325CE937C3B07383B589EC66C242E70B2C6E4F027D"
"core","core/types/header/header.go",".go","14","0.01","4/13/2026 7:45:22 PM","No BOM","1","header","package header","E3D260ED227ADF399DF7050DC8C302D255F04CA4797F6AA7FFC32CEF7EB57CB2"
"core","core/types/header/header_test.go",".go","14","0.01","4/13/2026 7:45:22 PM","No BOM","1","header","package header","E3D260ED227ADF399DF7050DC8C302D255F04CA4797F6AA7FFC32CEF7EB57CB2"
"core","core/types/log.go",".go","3447","3.37","4/15/2026 7:51:55 PM","UTF-8 BOM","95","types","// Copyright 2026 The SILA Authors","C8D5989E67F68F8F3905A65D2D6DA88936890B7336BE6EF7AB6A19ACD827634C"
"core","core/types/log_test.go",".go","6434","6.28","4/15/2026 7:57:12 PM","UTF-8 BOM","132","types","// Copyright 2026 The SILA Authors","400F4ECDA7D41C5D4ABADE3B04A76CFFCD29B27D539A5AF78977D8DF020E6BA0"
"core","core/types/receipt.go",".go","14375","14.04","4/15/2026 8:04:29 PM","UTF-8 BOM","456","types","// Copyright 2026 The SILA Authors","BABBA72D47EC65E1D8D17350045C97D730D495C35E8362869C78D9EE68DBDA10"
"core","core/types/receipt/receipt.go",".go","15","0.01","4/13/2026 7:45:22 PM","No BOM","1","receipt","package receipt","ACA0C45D9C1D78C633AC62A7E780820EBA093900F2D8B189FD4286CEF2C45F95"
"core","core/types/receipt/receipt_test.go",".go","15","0.01","4/13/2026 7:45:22 PM","No BOM","1","receipt","package receipt","ACA0C45D9C1D78C633AC62A7E780820EBA093900F2D8B189FD4286CEF2C45F95"
"core","core/types/receipt_test.go",".go","24298","23.73","4/15/2026 8:10:23 PM","UTF-8 BOM","590","types","// Copyright 2026 The SILA Authors","67033B4FBC64A7BE0C5AEACAA911996CF462CD15F7D8AE062171534A209A8880"
"core","core/types/rlp_fuzzer_test.go",".go","2998","2.93","4/15/2026 8:11:34 PM","UTF-8 BOM","147","types","// Copyright 2026 The SILA Authors","BF4FEA111846EB7DDF084A17299795FB9142405039065567137324D257D73862"
"core","core/types/state_account.go",".go","3561","3.48","4/15/2026 8:12:59 PM","UTF-8 BOM","121","types","// Copyright 2026 The SILA Authors","6A62879DDF895DDA3F59536FA140EAFFCB04B686FC1481D33A5C11C74EC42E60"
"core","core/types/transaction.go",".go","20845","20.36","4/15/2026 8:15:38 PM","UTF-8 BOM","707","types","// Copyright 2026 The SILA Authors","8A7EBE06F9D15922AD0BCA4D19567167A86A8C265D148AC0FAAEB8A150C6C0DA"
"core","core/types/transaction/transaction.go",".go","19","0.02","4/13/2026 7:45:22 PM","No BOM","1","transaction","package transaction","829877F761011FC815172AA09F41BFEB5FB79662B4B56425C3AF880EF3C34A12"
"core","core/types/transaction/transaction_test.go",".go","19","0.02","4/13/2026 7:45:22 PM","No BOM","1","transaction","package transaction","829877F761011FC815172AA09F41BFEB5FB79662B4B56425C3AF880EF3C34A12"
"core","core/types/transaction_marshalling.go",".go","15935","15.56","4/15/2026 8:18:10 PM","UTF-8 BOM","518","types","// Copyright 2026 The SILA Authors","D8C36ABCE3AE86352D6D210AF0BC10F34805496E38906DB24CC503A2C6C22BA1"
"core","core/types/transaction_signing.go",".go","15978","15.6","4/15/2026 8:21:34 PM","UTF-8 BOM","517","types","// Copyright 2026 The SILA Authors","AE1EF5DB4416500CCA9C73661BE1C81BF0C19CD20E8255C41A268E6178738EC6"
"core","core/types/transaction_signing_test.go",".go","8475","8.28","4/15/2026 10:16:02 PM","UTF-8 BOM","227","types","// Copyright 2026 The SILA Authors","1A402F9FDD82CBEB7F80318C9C79E1DBE367FAC1FB250ACCA6D558A648A56170"
"core","core/types/transaction_test.go",".go","20295","19.82","4/15/2026 10:01:21 PM","UTF-8 BOM","736","types","// Copyright 2026 The SILA Authors","3AAF94B336273099365280B2E660071717A434EBE7296A176A374B26492FDB4F"
"core","core/types/tx_access_list.go",".go","4341","4.24","4/15/2026 9:57:36 PM","UTF-8 BOM","144","types","// Copyright 2026 The SILA Authors","C02764634CC74707BD23A524573F87FF02142E8AF534D23CCAAB58B8A1E29F74"
"core","core/types/tx_blob.go",".go","12712","12.41","4/15/2026 9:53:33 PM","UTF-8 BOM","440","types","// Copyright 2026 The SILA Authors","0F4BF0DDAFCBD1621DE6E06D2DC31D190BFF04AC974A64F6D215123E4DDDE4F1"
"core","core/types/tx_blob_test.go",".go","3563","3.48","4/15/2026 9:38:29 PM","UTF-8 BOM","107","types","// Copyright 2026 The SILA Authors","CC643AA152EB82544736838B015980769476E9043819832782CA018C8EAC7E96"
"core","core/types/tx_dynamic_fee.go",".go","3851","3.76","4/15/2026 9:36:00 PM","UTF-8 BOM","141","types","// Copyright 2026 The SILA Authors","24B7D87E5B2D97CC202D21F5EF96FFD14B536A435AF33DE809431A76F483B411"
"core","core/types/tx_legacy.go",".go","4109","4.01","4/15/2026 9:34:14 PM","UTF-8 BOM","138","types","// Copyright 2026 The SILA Authors","82DC8EC4B5D70D594C5F4BEB0CC332BAA28AF97D45658F2AA42E3DCA0E465FB7"
"core","core/types/tx_setcode.go",".go","7273","7.1","4/15/2026 9:33:07 PM","UTF-8 BOM","246","types","// Copyright 2026 The SILA Authors","C85E13CF1A1CD4F43AF53CA4745E7289D69572350B3CA1928A5A939B34929955"
"core","core/types/tx_setcode_test.go",".go","1938","1.89","4/15/2026 9:29:34 PM","UTF-8 BOM","70","types","// Copyright 2026 The SILA Authors","81C8B2E011C1617C4C2240D3B6D9C464EB5D358C7447E79154037A5A1DEABF65"
"core","core/types/types.go",".go","13","0.01","4/13/2026 7:45:22 PM","No BOM","1","types","package types","3A20030E8919062D1307480E0160C9B6B6DA06B3274B3CBB5A4EF8E1A43D226B"
"core","core/types/types_test.go",".go","3170","3.1","4/15/2026 9:06:36 PM","UTF-8 BOM","148","types","// Copyright 2026 The SILA Authors","15DBF0BF7D877D706C59DF8DCF299CF80CCBFC6B151FC19B6D97FDD32D25ECEB"
"core","core/types/withdrawal.go",".go","2426","2.37","4/15/2026 8:57:25 PM","UTF-8 BOM","63","types","// Copyright 2026 The SILA Authors","2A9E7DFB5051982578767A4B16FB9C9B24FD3179E643787CA2C1D168BFF171B9"
"core","core/vm/analysis_legacy.go",".go","3362","3.28","4/16/2026 8:51:09 PM","UTF-8 BOM","129","vm","// Copyright 2026 The SILA Authors","119F0C0E2B3ECD80F0E9BFEE9AB4AD7CA34636486600D104D19AFD649066EBB3"
"core","core/vm/analysis_legacy_test.go",".go","3838","3.75","4/16/2026 8:54:22 PM","UTF-8 BOM","103","vm","// Copyright 2026 The SILA Authors","568C976EBBA60219A1D4E92DFFE8222B596E1DC320FC2B199980BDA690495B56"
"core","core/vm/common.go",".go","3917","3.83","4/16/2026 8:59:10 PM","UTF-8 BOM","123","vm","// Copyright 2026 The SILA Authors","3CFA6A6D237488AEA474BFCD98421A477EF3192DE63CD95C9B0A4CF846103633"
"core","core/vm/contract.go",".go","5626","5.49","4/16/2026 9:00:38 PM","UTF-8 BOM","172","vm","// Copyright 2026 The SILA Authors","9985AC0218AFB76895EDB07FCF0F900896B9B933D7D41AA76768B93966944495"
"core","core/vm/contracts_fuzz_test.go",".go","1527","1.49","4/16/2026 9:03:33 PM","UTF-8 BOM","50","vm","// Copyright 2026 The SILA Authors","174E754CBE50BAA65B3C53F046D7AC09ABF1F1F01980D8C2D1E88092C0F09034"
"core","core/vm/contracts_test.go",".go","24181","23.61","4/16/2026 9:08:28 PM","UTF-8 BOM","441","vm","// Copyright 2026 The SILA Authors","15DD15C07B5ABC2D533B4D36A242B4DA3B8617D0509306E1D754564F7E52B980"
"core","core/vm/doc.go",".go","1036","1.01","4/16/2026 9:10:05 PM","UTF-8 BOM","24","vm","// Copyright 2026 The SILA Authors","552D628744F8BD2B859780A563917A5DE51A5561EEDAB9143915BC08EDC1C7AB"
"core","core/vm/eip7610.go",".go","4892","4.78","4/16/2026 9:11:43 PM","UTF-8 BOM","105","vm","// Copyright 2026 The SILA Authors","CFA88EF1155A15D3E699D9756A0AC77657C9428A7AF1691D741972268EDE545D"
"core","core/vm/eips.go",".go","16567","16.18","4/16/2026 9:15:21 PM","UTF-8 BOM","602","vm","// Copyright 2026 The SILA Authors","67C12B44219ABDBA06FD57B65CC10CF77EF0D01A34C64D06D1EECBAC45BAA541"
"core","core/vm/errors.go",".go","6583","6.43","4/16/2026 9:16:44 PM","UTF-8 BOM","213","vm","// Copyright 2026 The SILA Authors","D0A63B61A819027A38DC6DFD5C9F2246E7B97B4AC40C643E11E3BBA3C2AB3A98"
"core","core/vm/evm.go",".go","28157","27.5","4/16/2026 9:24:51 PM","UTF-8 BOM","720","vm","// Copyright 2026 The SILA Authors","EA4BA7B2B820278073DBB9721B04E3CF97FB0F7DA1653D77BF2BFFFB50A6B58E"
"core","core/vm/gas.go",".go","1979","1.93","4/16/2026 9:28:06 PM","UTF-8 BOM","60","vm","// Copyright 2026 The SILA Authors","388B9E5C058CF0D4C16C088790D828709B50FE0F8CB406520E48729867AA0958"
"core","core/vm/gas_table.go",".go","18733","18.29","4/16/2026 9:39:59 PM","UTF-8 BOM","512","vm","// Copyright 2026 The SILA Authors","A0E1821DCAA7ADAD3951A433B640E6DEB8EA021A81056576BA16E89556BBA3DE"
"core","core/vm/gas_table_test.go",".go","7469","7.29","4/16/2026 9:41:28 PM","UTF-8 BOM","193","vm","// Copyright 2026 The SILA Authors","B1DE4E0C68D57B53BE501EC7461767CBB1B683EA958066C8BC5AAD4D75AC45F6"
"core","core/vm/gascosts.go",".go","1374","1.34","4/16/2026 9:42:28 PM","UTF-8 BOM","42","vm","// Copyright 2026 The SILA Authors","5028A159DE18328DAF460226E66A16EE8FE86DE01F2753C1C4BFABF16B738D1D"
"core","core/vm/instructions.go",".go","34581","33.77","4/16/2026 9:48:00 PM","UTF-8 BOM","1169","vm","// Copyright 2026 The SILA Authors","B1C024AEFA18CBD65F34A51956972B8741CB99DBE87A0FEBDD02857E706E9DE7"
"core","core/vm/instructions_test.go",".go","38671","37.76","4/16/2026 9:59:45 PM","UTF-8 BOM","1208","vm","// Copyright 2026 The SILA Authors","BA990A952B141B10FC27E7C6D44A885FC1739CC3020769D26F93BE2B0475C65E"
"core","core/vm/interface.go",".go","3873","3.78","4/16/2026 10:01:43 PM","UTF-8 BOM","104","vm","// Copyright 2026 The SILA Authors","0C1C8E723EDEC8D31B7DFA5EE81EA956571367806BD0317F3DC140C59CBB47E5"
"core","core/vm/interpreter.go",".go","8985","8.77","4/16/2026 10:04:37 PM","UTF-8 BOM","268","vm","// Copyright 2026 The SILA Authors","D5426FB879B90DE02100DA4322E6DF58AF4957218EA40599F857D2843897A8FE"
"core","core/vm/interpreter_test.go",".go","3116","3.04","4/16/2026 10:05:36 PM","UTF-8 BOM","102","vm","// Copyright 2026 The SILA Authors","C6CD799577EE6B8E0EF0BAC66E319C343F229292B19F70E998A25F2E2C1DA254"
"core","core/vm/jump_table.go",".go","27315","26.67","4/16/2026 10:10:16 PM","UTF-8 BOM","1120","vm","// Copyright 2026 The SILA Authors","78DACBCF40D5488D5E87FDC969660FFCCD5204FB4E6FD92ED21255BD3D59E929"
"core","core/vm/jump_table_export.go",".go","2922","2.85","4/16/2026 10:12:32 PM","UTF-8 BOM","86","vm","// Copyright 2026 The SILA Authors","1939B3ED033425842D8C2FB70FEC844DE477CD072A30DCDC91819A3C5968EDBF"
"core","core/vm/jump_table_test.go",".go","1451","1.42","4/16/2026 10:14:15 PM","UTF-8 BOM","41","vm","// Copyright 2026 The SILA Authors","B5905624F6141B8C9ED1372CC905B2C3A95FF1E655B6510BD6E4A2ABAF3853DE"
"core","core/vm/jumpdests.go",".go","1941","1.9","4/16/2026 10:19:01 PM","UTF-8 BOM","53","vm","// Copyright 2026 The SILA Authors","E88C15E241D34843EBE154E765A00A83D866B09E85CFECBCEC918E5DCF1B3458"
"core","core/vm/memory.go",".go","3887","3.8","4/16/2026 10:20:17 PM","UTF-8 BOM","138","vm","// Copyright 2026 The SILA Authors","E7504DE347263324154D0A618CD49256AC719806EFC9EB37C4C3A338E22CD4C1"
"core","core/vm/memory/memory.go",".go","14","0.01","4/13/2026 7:45:22 PM","No BOM","1","memory","package memory","CD6B784D92C7DA43E13938FF56EE885980A3A94EA899DE31D6AE3099A4276939"
"core","core/vm/memory/memory_test.go",".go","14","0.01","4/13/2026 7:45:22 PM","No BOM","1","memory","package memory","CD6B784D92C7DA43E13938FF56EE885980A3A94EA899DE31D6AE3099A4276939"
"core","core/vm/memory_table.go",".go","3398","3.32","4/16/2026 10:21:28 PM","UTF-8 BOM","129","vm","// Copyright 2026 The SILA Authors","0B4955325C03E505F602D57EF69EDD44AD513C4C19410A125DC93B08E2D64A4A"
"core","core/vm/memory_test.go",".go","3178","3.1","4/16/2026 10:22:38 PM","UTF-8 BOM","98","vm","// Copyright 2026 The SILA Authors","19C1433BCED2BAB5E8B57D34A398A1548932AB3FB11A61A760D7CDB246994422"
"core","core/vm/opcodes.go",".go","13918","13.59","4/16/2026 10:25:16 PM","UTF-8 BOM","649","vm","// Copyright 2026 The SILA Authors","7DB6D9B66417070D5EFB539F6A28C12ABA5A2FB5ACAB7AA5291D5D0EB1E89D89"
"core","core/vm/operations_acl.go",".go","14883","14.53","4/16/2026 10:27:48 PM","UTF-8 BOM","354","vm","// Copyright 2026 The SILA Authors","96E133C56BC9A267FF542C82896DE8BC3BAF8704CC38832D3FC9D94945FFFC84"
"core","core/vm/operations_verkle.go",".go","8646","8.44","4/16/2026 10:29:22 PM","UTF-8 BOM","215","vm","// Copyright 2026 The SILA Authors","AD923B51A791B9EE5DBD692B3976293B544CC232EB835352CECD0E435BE6C293"
"core","core/vm/precompile/precompile.go",".go","18","0.02","4/13/2026 7:45:22 PM","No BOM","1","precompile","package precompile","B7D4AC02A513F4C79D009BEA8F542A066CCFED06C720C5C8F87C547DB2FC6338"
"core","core/vm/precompile/precompile_test.go",".go","18","0.02","4/13/2026 7:45:22 PM","No BOM","1","precompile","package precompile","B7D4AC02A513F4C79D009BEA8F542A066CCFED06C720C5C8F87C547DB2FC6338"
"core","core/vm/program/program.go",".go","13114","12.81","4/15/2026 10:21:32 PM","UTF-8 BOM","431","program","// Copyright 2026 The SILA Authors","0D354D362489CA10C3AF214B00FD41DD4C26FAF50D0611C49DC46B9196D08D50"
"core","core/vm/program/program_test.go",".go","8830","8.62","4/15/2026 10:19:26 PM","UTF-8 BOM","311","program","// Copyright 2026 The SILA Authors","2206E457B9518E327863F52C511E006411581C1383CC8101D0FB4841D76475AB"
"core","core/vm/program/readme.md",".md","1369","1.34","4/15/2026 10:16:37 PM","UTF-8 BOM","28","","### What is this","14569320A1F22347FBCCAA86F9C616F230161AED50BDC5CBA7A3BF0C085B1867"
"core","core/vm/runtime/doc.go",".go","862","0.84","4/15/2026 10:29:38 PM","UTF-8 BOM","18","runtime","// Copyright 2026 The SILA Authors","6EC4274782BA42B503EC1CBFBABC3EA0D983389EFF95420A3DCC2403668E8312"
"core","core/vm/runtime/env.go",".go","1509","1.47","4/15/2026 10:28:29 PM","UTF-8 BOM","48","runtime","// Copyright 2026 The SILA Authors","CFF1B49B9A22DBCEA9894F7A2F2C7E82B6CC5BF4FF22A39BFECF49B94C010BDE"
"core","core/vm/runtime/runtime.go",".go","7619","7.44","4/15/2026 10:27:09 PM","UTF-8 BOM","227","runtime","// Copyright 2026 The SILA Authors","EFFE088FCE4A1FC2B00F3C2D21D0D9DBA3A22163A2A001EA254C469523EC5481"
"core","core/vm/runtime/runtime_example_test.go",".go","1121","1.09","4/15/2026 10:25:17 PM","UTF-8 BOM","34","runtime_test","// Copyright 2026 The SILA Authors","8593E40AD90424DDA95A1CEF599D2623AF81321EB06A3195622966490D6C7907"
"core","core/vm/runtime/runtime_fuzz_test.go",".go","942","0.92","4/15/2026 10:23:46 PM","UTF-8 BOM","29","runtime","// Copyright 2026 The SILA Authors","89F1B5CFE0F5A41F83D2B29782EC996A04B595F6BEE8DDA8AEBD9C6472AC09DD"
"core","core/vm/runtime/runtime_test.go",".go","6924","6.76","4/15/2026 10:22:52 PM","UTF-8 BOM","175","runtime","// Copyright 2026 The SILA Authors","4C15DBFF5A2E766ABEBCF4E8543CAB3922F9F22EE945E1D8DEB6998FF7746731"
"core","core/vm/stack.go",".go","3976","3.88","4/16/2026 10:34:02 PM","UTF-8 BOM","133","vm","// Copyright 2026 The SILA Authors","6E0CEFC752EDE2FC6D166BE667B24BE21B9222629A93DFF4C6C759EB72514FDF"
"core","core/vm/stack/stack.go",".go","13","0.01","4/13/2026 7:45:22 PM","No BOM","1","stack","package stack","6768C0576CDA578E9D15C76DA31AE899E0219C8B98E695C179811332467D6FBE"
"core","core/vm/stack/stack_test.go",".go","13","0.01","4/13/2026 7:45:22 PM","No BOM","1","stack","package stack","6768C0576CDA578E9D15C76DA31AE899E0219C8B98E695C179811332467D6FBE"
"core","core/vm/stack_table.go",".go","1404","1.37","4/16/2026 10:35:35 PM","UTF-8 BOM","49","vm","// Copyright 2026 The SILA Authors","284628856D0FBEDCE398CBB1DDBF9544AEA804B72A247D71BD2B19BB93F17DC1"
"core","core/vm/testdata/precompiles/blake2F.json",".json","3355","3.28","4/15/2026 10:32:39 PM","UTF-8 BOM","37","","[","1F2BE247ACDA77F75B9792D8A5ABC2AD5FD10F7253A30EBDB10AA66AC5427071"
"core","core/vm/testdata/precompiles/blsG1Add.json",".json","4485","4.38","4/15/2026 10:34:03 PM","UTF-8 BOM","36","","[","078BC5BB87B50B1C1C994CAE04FAF5E1505BA7D3CECF6E0C10217E1810CB1E84"
"core","core/vm/testdata/precompiles/blsG1Mul.json",".json","7812","7.63","4/15/2026 10:35:49 PM","UTF-8 BOM","79","","[","CAC2B9B775F0C2D3FA8B3A73710E31ADAF1032767997B8C8BEAA93DC7B24779A"
"core","core/vm/testdata/precompiles/blsMapG1.json",".json","1537","1.5","4/16/2026 4:32:48 PM","UTF-8 BOM","23","","[","88CEB90F00996EC71A8410241AFCDE54AE39BB20C2375AB274EB1A3ABC3B7733"
"core","core/vm/testdata/precompiles/blsPairing.json",".json","22759","22.23","4/16/2026 5:16:33 PM","UTF-8 BOM","60","","// Copyright 2026 The SILA Authors","550CF8014EA9DB42B91CC7BF0324D5CE20929B0F435DA1254030F3CCFE878853"
"core","core/vm/testdata/precompiles/bn256Add.json",".json","8042","7.85","4/16/2026 5:21:50 PM","UTF-8 BOM","114","","[","833C3B04B510C9522C6F6E94B2FEC8B1A80C4E6554225ECA2334DAA6A011103D"
"core","core/vm/testdata/precompiles/bn256Pairing.json",".json","18350","17.92","4/16/2026 5:32:31 PM","UTF-8 BOM","100","","[","88728D5C917E9200647D089B71A0FD2EF9F266854771BB70279C9573AA42FF4E"
"core","core/vm/testdata/precompiles/bn256ScalarMul.json",".json","8302","8.11","4/16/2026 5:42:44 PM","UTF-8 BOM","135","","[","23693E66F0D42C4688A278351EA3D2CF0BE5AAA387B19532EDD79E5376933630"
"core","core/vm/testdata/precompiles/ecRecover.json",".json","2054","2.01","4/16/2026 5:44:35 PM","UTF-8 BOM","37","","[","1068AB2157F8C522AE0F69C86B069E208613410AA5B340F6A6D7DE2773879826"
"core","core/vm/testdata/precompiles/fail-blake2f.json",".json","3287","3.21","4/16/2026 5:47:12 PM","UTF-8 BOM","32","","[","DC9EED04BB821A0A9FB8A90B487BA29FF711E4F894A565BB226C0441EBB5501E"
"core","core/vm/testdata/precompiles/fail-blsG1Mul.json",".json","2789","2.72","4/16/2026 5:48:17 PM","UTF-8 BOM","37","","[","71AC7D34B4D5E2368D2223A91746315F3BD3B445AE0B5C7BB2D23EE7EA1410B4"
"core","core/vm/testdata/precompiles/fail-blsG1MultiExp.json",".json","3144","3.07","4/16/2026 5:49:34 PM","UTF-8 BOM","37","","[","1BFB7DABAC455AAE0C44ACC79B9DA2A28979827C829DD7E26471B452216C12AC"
"core","core/vm/testdata/precompiles/fail-blsG2Add.json",".json","5847","5.71","4/16/2026 5:52:22 PM","UTF-8 BOM","32","","[","C06BEAF62F35962C637EAF31380A7D5021E799473CEB9676EA93E9A193E53421"
"core","core/vm/testdata/precompiles/fail-blsG2Mul.json",".json","4325","4.22","4/16/2026 5:54:05 PM","UTF-8 BOM","37","","[","01C59D3208A3A0D367EE15BA15647BC9AE867BB6E6C3FBF726B160BAB68EA7DC"
"core","core/vm/testdata/precompiles/fail-blsMapG1.json",".json","1096","1.07","4/16/2026 5:55:19 PM","UTF-8 BOM","27","","[","80649E1C613BFF8ABDC5DB1D770F21A14F6887DA844760CFD4E5507F01C04D1F"
"core","core/vm/testdata/precompiles/fail-blsMapG2.json",".json","1613","1.58","4/16/2026 5:56:42 PM","UTF-8 BOM","27","","[","08AD13448BCD97DFF94C2ECAB9A64D727BAA84E02C491D01E5D1CB676C66185F"
"core","core/vm/testdata/precompiles/fail-blsPairing.json",".json","13429","13.11","4/16/2026 5:59:37 PM","UTF-8 BOM","47","","[","DF9CBF3086F069DDE739BDF89552C5246AFBAF3FB76E95EE8459CCC07033DAA5"
"core","core/vm/testdata/precompiles/modexp.json",".json","41566","40.59","4/16/2026 6:08:37 PM","UTF-8 BOM","121","","[","191997D35097CD4AD93C37F781862970DB0F7510CD9449CFFE5836C666C10325"
"core","core/vm/testdata/precompiles/modexp_eip7883.json",".json","1411","1.38","4/16/2026 6:27:09 PM","UTF-8 BOM","16","","[","D0D9826FD7209FD1E2AABC71889A02AE3B849A8BFC84A0E3D8EF4F3435F0234B"
"core","core/vm/testdata/precompiles/pointEvaluation.json",".json","640","0.62","4/16/2026 6:28:27 PM","UTF-8 BOM","9","","[","EBEF9A746F1CDE5CA84DD9A22533D75BD62C047CE6895BB60EFB5844FDDC3CE3"
"core","core/vm/testdata/testcases_add.json",".json","19933","19.47","4/16/2026 7:59:49 PM","UTF-8 BOM","407","","[","D1E3CE44D8FCE91525D4B312CEC27AC0738F94A730DE3A627BC109C3DBF8A4A5"
"core","core/vm/testdata/testcases_and.json",".json","19933","19.47","4/16/2026 8:03:40 PM","UTF-8 BOM","407","","[","B70EADCCB2090A6485B3341B186A3B41C8BD6277E1EF23D9209775C19DC9FB17"
"core","core/vm/testdata/testcases_byte.json",".json","19933","19.47","4/16/2026 8:10:05 PM","UTF-8 BOM","407","","[","BE013C6A02BC823902183D913D1567D7265F614898D7FE2F63B91A0D28B53D26"
"core","core/vm/testdata/testcases_div.json",".json","19933","19.47","4/16/2026 8:15:52 PM","UTF-8 BOM","407","","[","46A0B867860611419BB58045B10979CAFA1760159C7849F2A6946A5AC630D89F"
"core","core/vm/testdata/testcases_eq.json",".json","19933","19.47","4/16/2026 8:21:28 PM","UTF-8 BOM","407","","[","D9CAD906BE5F75BB18E0E0FC834FE1586A5A46556D133B75B83A8D5289D1B43E"
"core","core/vm/testdata/testcases_gt.json",".json","19933","19.47","4/16/2026 8:26:55 PM","UTF-8 BOM","407","","[","28318958D8A4DD40248983E8395067F64B9EED0EA91A3DE11974B1555EC5349D"
"core","core/vm/testdata/testcases_lt.json",".json","19933","19.47","4/16/2026 7:57:30 PM","UTF-8 BOM","407","","[","FE085DC43BC06D789BD40167A8CB72F5095E2EC747FFABC9EA64FC4F547AFC52"
"core","core/vm/testdata/testcases_mod.json",".json","19933","19.47","4/16/2026 7:54:55 PM","UTF-8 BOM","407","","[","ED8835A1898F2C86E4419BC38947BEB993316575AF7A308A9301E8AA4996449F"
"core","core/vm/testdata/testcases_mul.json",".json","19933","19.47","4/16/2026 7:51:57 PM","UTF-8 BOM","407","","[","710114086796C534068AD158D8CF26B895B71625A63B353298F855997A72925B"
"core","core/vm/testdata/testcases_or.json",".json","19933","19.47","4/16/2026 7:49:32 PM","UTF-8 BOM","407","","[","EABC359C77EBDDC2BBE1376039D90EC82106D9B07C8B1617438C847D56987252"
"core","core/vm/testdata/testcases_sar.json",".json","19933","19.47","4/16/2026 7:46:58 PM","UTF-8 BOM","407","","[","94760ECEF0D0959B9A306C97C524852EE32C2B427C65E3F60482B2005C049AA7"
"core","core/vm/testdata/testcases_sdiv.json",".json","19933","19.47","4/16/2026 7:37:04 PM","UTF-8 BOM","407","","[","39D70AF1BE42677A87F79554279D912CD07BC9C67AF2C47D4759E7E6B880245E"
"core","core/vm/testdata/testcases_sgt.json",".json","19933","19.47","4/16/2026 7:31:31 PM","UTF-8 BOM","407","","[","CC8EA73C6B7147C9655ABB82158D4CE20712B068B2182EF3C3A7C86E2747C6E7"
"core","core/vm/testdata/testcases_shl.json",".json","19933","19.47","4/16/2026 7:28:58 PM","UTF-8 BOM","407","","[","D67F6B2E68D68FDAE7B7695290592A1B6439655539ECB5580CC3E66A24C8056D"
"core","core/vm/testdata/testcases_shr.json",".json","19933","19.47","4/16/2026 7:26:00 PM","UTF-8 BOM","407","","[","8F592A8D9D69B8FACAF22ED9EF51A3A3134A6ECA699A92A28B56F229E0244299"
"core","core/vm/testdata/testcases_signext.json",".json","19933","19.47","4/16/2026 7:23:31 PM","UTF-8 BOM","407","","[","9647B681EF280B8BD05D1EE754FF234EB249B58B09648772441388DD74F31584"
"core","core/vm/testdata/testcases_slt.json",".json","19933","19.47","4/16/2026 7:21:10 PM","UTF-8 BOM","407","","[","809D0AA6160B84BF8E918B35B239B0A96644299800A35558589A0182E5893CA5"
"core","core/vm/testdata/testcases_smod.json",".json","19933","19.47","4/16/2026 7:18:30 PM","UTF-8 BOM","407","","[","B760F811DA37C43403CFD24D8289707C5931206A352FCE1B0D54E925675F25D9"
"core","core/vm/testdata/testcases_sub.json",".json","19933","19.47","4/16/2026 7:14:42 PM","UTF-8 BOM","407","","[","9468B985C28D6AE7B861FC4B1870388138B0F4A61188D89BA16D74E8C239A591"
"core","core/vm/testdata/testcases_xor.json",".json","19933","19.47","4/16/2026 7:11:50 PM","UTF-8 BOM","407","","[","6C86B957C27042E51ED4DBEFC49C21D397203D6CC61B9FF5C5D2E925405D110F"
"core","core/vm/tracer/tracer.go",".go","14","0.01","4/13/2026 7:45:22 PM","No BOM","1","tracer","package tracer","A69AEDCF203900F4B50D7FFEFCB4D5759B0907A5BE5A8F8EC5459E7BF6C653EF"
"core","core/vm/tracer/tracer_test.go",".go","14","0.01","4/13/2026 7:45:22 PM","No BOM","1","tracer","package tracer","A69AEDCF203900F4B50D7FFEFCB4D5759B0907A5BE5A8F8EC5459E7BF6C653EF"
"core","core/vm/vm.go",".go","10","0.01","4/13/2026 7:45:22 PM","No BOM","1","vm","package vm","10BF0CBA3C5AB90FD11DBF0164C2C101A04680324640E065069443315D0F9354"
"core","core/vm/vm_test.go",".go","10","0.01","4/13/2026 7:45:22 PM","No BOM","1","vm","package vm","10BF0CBA3C5AB90FD11DBF0164C2C101A04680324640E065069443315D0F9354"
